Starting submodule flake processing at Sun Sep 21 03:46:08 AM UTC 2025
Checking submodule: .github/actions/cache
No flake.nix found in .github/actions/cache. Skipping.
Checking submodule: .github/actions/cache-nix-action
Found flake.nix in .github/actions/cache-nix-action. Processing...
Found the following submodules to process: .github/actions/cache-nix-action
--- Processing cache-nix-action at .github/actions/cache-nix-action ---
Branch feature/CRQ-016-nixify-workflow already exists. Checking it out.
Committing changes in /data/data/com.termux.nix/files/home/pick-up-nix2/.github/actions/cache-nix-action for CRQ-016
No changes to commit.
Commit successful for CRQ-016 in .github/actions/cache-nix-action.
Pushing changes...
--- Finished cache-nix-action ---

All submodules have been committed and pushed.
Finished processing .github/actions/cache-nix-action
Checking submodule: .github/actions/cache-nix-action/deps/actions/toolkit
No flake.nix found in .github/actions/cache-nix-action/deps/actions/toolkit. Skipping.
Checking submodule: .github/actions/cache-nix-action/deps/buildjet/toolkit
No flake.nix found in .github/actions/cache-nix-action/deps/buildjet/toolkit. Skipping.
Checking submodule: .github/actions/checkout
No flake.nix found in .github/actions/checkout. Skipping.
Checking submodule: .github/actions/install-nix-action
No flake.nix found in .github/actions/install-nix-action. Skipping.
Checking submodule: .github/actions/nix-github-actions
Found flake.nix in .github/actions/nix-github-actions. Processing...
Found the following submodules to process: .github/actions/nix-github-actions
--- Processing nix-github-actions at .github/actions/nix-github-actions ---
Branch feature/CRQ-016-nixify-workflow does not exist. Creating and checking it out.
Committing changes in /data/data/com.termux.nix/files/home/pick-up-nix2/.github/actions/nix-github-actions for CRQ-016
No changes to commit.
Commit successful for CRQ-016 in .github/actions/nix-github-actions.
Pushing changes...
--- Finished nix-github-actions ---

All submodules have been committed and pushed.
Finished processing .github/actions/nix-github-actions
Checking submodule: .github/actions/nix-installer-action
Found flake.nix in .github/actions/nix-installer-action. Processing...
Found the following submodules to process: .github/actions/nix-installer-action
--- Processing nix-installer-action at .github/actions/nix-installer-action ---
Branch feature/CRQ-016-nixify-workflow does not exist. Creating and checking it out.
Committing changes in /data/data/com.termux.nix/files/home/pick-up-nix2/.github/actions/nix-installer-action for CRQ-016
No changes to commit.
Commit successful for CRQ-016 in .github/actions/nix-installer-action.
Pushing changes...
--- Finished nix-installer-action ---

All submodules have been committed and pushed.
Finished processing .github/actions/nix-installer-action
Checking submodule: .github/actions/upload-artifact
No flake.nix found in .github/actions/upload-artifact. Skipping.
Checking submodule: nixpacks
Found flake.nix in nixpacks. Processing...
Found the following submodules to process: nixpacks
--- Processing nixpacks at nixpacks ---
Branch feature/CRQ-016-nixify-workflow already exists. Checking it out.
Committing changes in /data/data/com.termux.nix/files/home/pick-up-nix2/nixpacks for CRQ-016
No changes to commit.
Commit successful for CRQ-016 in nixpacks.
Pushing changes...
--- Finished nixpacks ---

All submodules have been committed and pushed.
Finished processing nixpacks
Checking submodule: source/github/jmikedupont2/orgs/Escaped-RDFa/namespace
Found flake.nix in source/github/jmikedupont2/orgs/Escaped-RDFa/namespace. Processing...
Found the following submodules to process: source/github/jmikedupont2/orgs/Escaped-RDFa/namespace
--- Processing namespace at source/github/jmikedupont2/orgs/Escaped-RDFa/namespace ---
Branch feature/CRQ-016-nixify-workflow already exists. Checking it out.
Committing changes in /data/data/com.termux.nix/files/home/pick-up-nix2/source/github/jmikedupont2/orgs/Escaped-RDFa/namespace for CRQ-016
No changes to commit.
Commit successful for CRQ-016 in source/github/jmikedupont2/orgs/Escaped-RDFa/namespace.
Pushing changes...
Renaming origin to upstream.
Finished processing source/github/jmikedupont2/orgs/Escaped-RDFa/namespace
Checking submodule: source/github/meta-introspector/git-submodule-tools-rs
No flake.nix found in source/github/meta-introspector/git-submodule-tools-rs. Skipping.
Checking submodule: source/github/meta-introspector/git-submodule-tools-rs/vendor/cargo_metadata
No flake.nix found in source/github/meta-introspector/git-submodule-tools-rs/vendor/cargo_metadata. Skipping.
Checking submodule: source/github/meta-introspector/git-submodule-tools-rs/vendor/meta-introspector/meta-meme
No flake.nix found in source/github/meta-introspector/git-submodule-tools-rs/vendor/meta-introspector/meta-meme. Skipping.
Checking submodule: source/github/meta-introspector/git-submodule-tools-rs/vendor/meta-introspector/meta-meme.wiki
No flake.nix found in source/github/meta-introspector/git-submodule-tools-rs/vendor/meta-introspector/meta-meme.wiki. Skipping.
Checking submodule: source/github/meta-introspector/git-submodule-tools-rs/vendor/meta-introspector/mkAIDerivation
Found flake.nix in source/github/meta-introspector/git-submodule-tools-rs/vendor/meta-introspector/mkAIDerivation. Processing...
Found the following submodules to process: source/github/meta-introspector/git-submodule-tools-rs/vendor/meta-introspector/mkAIDerivation
--- Processing mkAIDerivation at source/github/meta-introspector/git-submodule-tools-rs/vendor/meta-introspector/mkAIDerivation ---
Branch feature/CRQ-016-nixify-workflow already exists. Checking it out.
Committing changes in /data/data/com.termux.nix/files/home/pick-up-nix2/source/github/meta-introspector/git-submodule-tools-rs/vendor/meta-introspector/mkAIDerivation for CRQ-016
No changes to commit.
Commit successful for CRQ-016 in source/github/meta-introspector/git-submodule-tools-rs/vendor/meta-introspector/mkAIDerivation.
Pushing changes...
--- Finished mkAIDerivation ---

All submodules have been committed and pushed.
Finished processing source/github/meta-introspector/git-submodule-tools-rs/vendor/meta-introspector/mkAIDerivation
Checking submodule: source/github/meta-introspector/git-submodule-tools-rs/vendor/octocrab
No flake.nix found in source/github/meta-introspector/git-submodule-tools-rs/vendor/octocrab. Skipping.
Checking submodule: source/github/meta-introspector/git-submodule-tools-rs/vendor/zola
No flake.nix found in source/github/meta-introspector/git-submodule-tools-rs/vendor/zola. Skipping.
Checking submodule: source/github/meta-introspector/git-submodule-tools-rs/vendor/zola/components/config/sublime/syntaxes/Packages
No flake.nix found in source/github/meta-introspector/git-submodule-tools-rs/vendor/zola/components/config/sublime/syntaxes/Packages. Skipping.
Checking submodule: source/github/meta-introspector/git-submodule-tools-rs/vendor/zola/components/config/sublime/syntaxes/extra/Docker.tmbundle
No flake.nix found in source/github/meta-introspector/git-submodule-tools-rs/vendor/zola/components/config/sublime/syntaxes/extra/Docker.tmbundle. Skipping.
Checking submodule: source/github/meta-introspector/git-submodule-tools-rs/vendor/zola/components/config/sublime/syntaxes/extra/GDScript-sublime
No flake.nix found in source/github/meta-introspector/git-submodule-tools-rs/vendor/zola/components/config/sublime/syntaxes/extra/GDScript-sublime. Skipping.
Checking submodule: source/github/meta-introspector/git-submodule-tools-rs/vendor/zola/components/config/sublime/syntaxes/extra/GraphQL-SublimeText3
No flake.nix found in source/github/meta-introspector/git-submodule-tools-rs/vendor/zola/components/config/sublime/syntaxes/extra/GraphQL-SublimeText3. Skipping.
Checking submodule: source/github/meta-introspector/git-submodule-tools-rs/vendor/zola/components/config/sublime/syntaxes/extra/Julia-sublime
No flake.nix found in source/github/meta-introspector/git-submodule-tools-rs/vendor/zola/components/config/sublime/syntaxes/extra/Julia-sublime. Skipping.
Checking submodule: source/github/meta-introspector/git-submodule-tools-rs/vendor/zola/components/config/sublime/syntaxes/extra/LESS-sublime
No flake.nix found in source/github/meta-introspector/git-submodule-tools-rs/vendor/zola/components/config/sublime/syntaxes/extra/LESS-sublime. Skipping.
Checking submodule: source/github/meta-introspector/git-submodule-tools-rs/vendor/zola/components/config/sublime/syntaxes/extra/Sublime-CMakeLists
No flake.nix found in source/github/meta-introspector/git-submodule-tools-rs/vendor/zola/components/config/sublime/syntaxes/extra/Sublime-CMakeLists. Skipping.
Checking submodule: source/github/meta-introspector/git-submodule-tools-rs/vendor/zola/components/config/sublime/syntaxes/extra/Sublime-GenericConfig
No flake.nix found in source/github/meta-introspector/git-submodule-tools-rs/vendor/zola/components/config/sublime/syntaxes/extra/Sublime-GenericConfig. Skipping.
Checking submodule: source/github/meta-introspector/git-submodule-tools-rs/vendor/zola/components/config/sublime/syntaxes/extra/SublimeElmLanguageSupport
No flake.nix found in source/github/meta-introspector/git-submodule-tools-rs/vendor/zola/components/config/sublime/syntaxes/extra/SublimeElmLanguageSupport. Skipping.
Checking submodule: source/github/meta-introspector/git-submodule-tools-rs/vendor/zola/components/config/sublime/syntaxes/extra/SublimeFortran
No flake.nix found in source/github/meta-introspector/git-submodule-tools-rs/vendor/zola/components/config/sublime/syntaxes/extra/SublimeFortran. Skipping.
Checking submodule: source/github/meta-introspector/git-submodule-tools-rs/vendor/zola/components/config/sublime/syntaxes/extra/SublimeSass
No flake.nix found in source/github/meta-introspector/git-submodule-tools-rs/vendor/zola/components/config/sublime/syntaxes/extra/SublimeSass. Skipping.
Checking submodule: source/github/meta-introspector/git-submodule-tools-rs/vendor/zola/components/config/sublime/syntaxes/extra/SublimeTextLinkerSyntax
No flake.nix found in source/github/meta-introspector/git-submodule-tools-rs/vendor/zola/components/config/sublime/syntaxes/extra/SublimeTextLinkerSyntax. Skipping.
Checking submodule: source/github/meta-introspector/git-submodule-tools-rs/vendor/zola/components/config/sublime/syntaxes/extra/awk-sublime
No flake.nix found in source/github/meta-introspector/git-submodule-tools-rs/vendor/zola/components/config/sublime/syntaxes/extra/awk-sublime. Skipping.
Checking submodule: source/github/meta-introspector/git-submodule-tools-rs/vendor/zola/components/config/sublime/syntaxes/extra/elixir-sublime-syntax
No flake.nix found in source/github/meta-introspector/git-submodule-tools-rs/vendor/zola/components/config/sublime/syntaxes/extra/elixir-sublime-syntax. Skipping.
Checking submodule: source/github/meta-introspector/git-submodule-tools-rs/vendor/zola/components/config/sublime/syntaxes/extra/protobuf-syntax-highlighting
No flake.nix found in source/github/meta-introspector/git-submodule-tools-rs/vendor/zola/components/config/sublime/syntaxes/extra/protobuf-syntax-highlighting. Skipping.
Checking submodule: source/github/meta-introspector/git-submodule-tools-rs/vendor/zola/components/config/sublime/syntaxes/extra/sublime-clojure
No flake.nix found in source/github/meta-introspector/git-submodule-tools-rs/vendor/zola/components/config/sublime/syntaxes/extra/sublime-clojure. Skipping.
Checking submodule: source/github/meta-introspector/git-submodule-tools-rs/vendor/zola/components/config/sublime/syntaxes/extra/sublime-fish
No flake.nix found in source/github/meta-introspector/git-submodule-tools-rs/vendor/zola/components/config/sublime/syntaxes/extra/sublime-fish. Skipping.
Checking submodule: source/github/meta-introspector/git-submodule-tools-rs/vendor/zola/components/config/sublime/syntaxes/extra/sublime-glsl
No flake.nix found in source/github/meta-introspector/git-submodule-tools-rs/vendor/zola/components/config/sublime/syntaxes/extra/sublime-glsl. Skipping.
Checking submodule: source/github/meta-introspector/git-submodule-tools-rs/vendor/zola/components/config/sublime/syntaxes/extra/sublime-jinja2
No flake.nix found in source/github/meta-introspector/git-submodule-tools-rs/vendor/zola/components/config/sublime/syntaxes/extra/sublime-jinja2. Skipping.
Checking submodule: source/github/meta-introspector/git-submodule-tools-rs/vendor/zola/components/config/sublime/syntaxes/extra/sublime-purescript-syntax
No flake.nix found in source/github/meta-introspector/git-submodule-tools-rs/vendor/zola/components/config/sublime/syntaxes/extra/sublime-purescript-syntax. Skipping.
Checking submodule: source/github/meta-introspector/git-submodule-tools-rs/vendor/zola/components/config/sublime/syntaxes/extra/sublime-zig-language
No flake.nix found in source/github/meta-introspector/git-submodule-tools-rs/vendor/zola/components/config/sublime/syntaxes/extra/sublime-zig-language. Skipping.
Checking submodule: source/github/meta-introspector/git-submodule-tools-rs/vendor/zola/components/config/sublime/syntaxes/extra/sublime_toml_highlighting
No flake.nix found in source/github/meta-introspector/git-submodule-tools-rs/vendor/zola/components/config/sublime/syntaxes/extra/sublime_toml_highlighting. Skipping.
Checking submodule: source/github/meta-introspector/git-submodule-tools-rs/vendor/zola/components/config/sublime/syntaxes/extra/sublimetext-fsharp
No flake.nix found in source/github/meta-introspector/git-submodule-tools-rs/vendor/zola/components/config/sublime/syntaxes/extra/sublimetext-fsharp. Skipping.
Checking submodule: source/github/meta-introspector/git-submodule-tools-rs/vendor/zola/components/config/sublime/syntaxes/extra/vue-syntax-highlight
No flake.nix found in source/github/meta-introspector/git-submodule-tools-rs/vendor/zola/components/config/sublime/syntaxes/extra/vue-syntax-highlight. Skipping.
Checking submodule: source/github/meta-introspector/git-submodules-rs-nix
Found flake.nix in source/github/meta-introspector/git-submodules-rs-nix. Processing...
Found the following submodules to process: source/github/meta-introspector/git-submodules-rs-nix
--- Processing git-submodules-rs-nix at source/github/meta-introspector/git-submodules-rs-nix ---
Branch feature/CRQ-016-nixify-workflow already exists. Checking it out.
M	.emacs.d/nix-magit
M	.emacs.d/terlar-emacs-config
M	naersk
Committing changes in /data/data/com.termux.nix/files/home/pick-up-nix2/source/github/meta-introspector/git-submodules-rs-nix for CRQ-016
[feature/CRQ-016-nixify-workflow 703f859] feat(git-submodules-rs-nix): CRQ-016 - Standardize flake.nix from template
 2 files changed, 2 insertions(+), 2 deletions(-)
Commit successful for CRQ-016 in source/github/meta-introspector/git-submodules-rs-nix.
Pushing changes...
--- Finished git-submodules-rs-nix ---

All submodules have been committed and pushed.
Finished processing source/github/meta-introspector/git-submodules-rs-nix
Checking submodule: source/github/meta-introspector/git-submodules-rs-nix/.emacs.d/nix-magit
Found flake.nix in source/github/meta-introspector/git-submodules-rs-nix/.emacs.d/nix-magit. Processing...
Found the following submodules to process: source/github/meta-introspector/git-submodules-rs-nix/.emacs.d/nix-magit
--- Processing nix-magit at source/github/meta-introspector/git-submodules-rs-nix/.emacs.d/nix-magit ---
Branch feature/CRQ-016-nixify-workflow already exists. Checking it out.
Committing changes in /data/data/com.termux.nix/files/home/pick-up-nix2/source/github/meta-introspector/git-submodules-rs-nix/.emacs.d/nix-magit for CRQ-016
No changes to commit.
Commit successful for CRQ-016 in source/github/meta-introspector/git-submodules-rs-nix/.emacs.d/nix-magit.
Pushing changes...
--- Finished nix-magit ---

All submodules have been committed and pushed.
Finished processing source/github/meta-introspector/git-submodules-rs-nix/.emacs.d/nix-magit
Checking submodule: source/github/meta-introspector/git-submodules-rs-nix/.emacs.d/terlar-emacs-config
Found flake.nix in source/github/meta-introspector/git-submodules-rs-nix/.emacs.d/terlar-emacs-config. Processing...
Found the following submodules to process: source/github/meta-introspector/git-submodules-rs-nix/.emacs.d/terlar-emacs-config
--- Processing terlar-emacs-config at source/github/meta-introspector/git-submodules-rs-nix/.emacs.d/terlar-emacs-config ---
Branch feature/CRQ-016-nixify-workflow already exists. Checking it out.
Committing changes in /data/data/com.termux.nix/files/home/pick-up-nix2/source/github/meta-introspector/git-submodules-rs-nix/.emacs.d/terlar-emacs-config for CRQ-016
No changes to commit.
Commit successful for CRQ-016 in source/github/meta-introspector/git-submodules-rs-nix/.emacs.d/terlar-emacs-config.
Pushing changes...
Renaming origin to upstream.
Creating fork...
Finished processing source/github/meta-introspector/git-submodules-rs-nix/.emacs.d/terlar-emacs-config
Checking submodule: source/github/meta-introspector/git-submodules-rs-nix/git-submodule-tools
No flake.nix found in source/github/meta-introspector/git-submodules-rs-nix/git-submodule-tools. Skipping.
Checking submodule: source/github/meta-introspector/git-submodules-rs-nix/gitoxide
No flake.nix found in source/github/meta-introspector/git-submodules-rs-nix/gitoxide. Skipping.
Checking submodule: source/github/meta-introspector/git-submodules-rs-nix/magoo
No flake.nix found in source/github/meta-introspector/git-submodules-rs-nix/magoo. Skipping.
Checking submodule: source/github/meta-introspector/git-submodules-rs-nix/naersk
Found flake.nix in source/github/meta-introspector/git-submodules-rs-nix/naersk. Processing...
Found the following submodules to process: source/github/meta-introspector/git-submodules-rs-nix/naersk
--- Processing naersk at source/github/meta-introspector/git-submodules-rs-nix/naersk ---
Branch feature/CRQ-016-nixify-workflow does not exist. Creating and checking it out.
Committing changes in /data/data/com.termux.nix/files/home/pick-up-nix2/source/github/meta-introspector/git-submodules-rs-nix/naersk for CRQ-016
[feature/CRQ-016-nixify-workflow 9636638] feat(naersk): CRQ-016 - Standardize flake.nix from template
 7 files changed, 23 insertions(+), 23 deletions(-)
Commit successful for CRQ-016 in source/github/meta-introspector/git-submodules-rs-nix/naersk.
Pushing changes...
--- Finished naersk ---

All submodules have been committed and pushed.
Finished processing source/github/meta-introspector/git-submodules-rs-nix/naersk
Checking submodule: source/github/meta-introspector/git-submodules-rs-nix/qa/templates/incident
No flake.nix found in source/github/meta-introspector/git-submodules-rs-nix/qa/templates/incident. Skipping.
Checking submodule: source/github/meta-introspector/git-submodules-rs-nix/sources/LukeMathWalker/cargo-manifest
No flake.nix found in source/github/meta-introspector/git-submodules-rs-nix/sources/LukeMathWalker/cargo-manifest. Skipping.
Checking submodule: source/github/meta-introspector/git-submodules-rs-nix/sources/infinyon/cargo-cvm
No flake.nix found in source/github/meta-introspector/git-submodules-rs-nix/sources/infinyon/cargo-cvm. Skipping.
Checking submodule: source/github/meta-introspector/git-submodules-rs-nix/sources/ironthree/cargoman
No flake.nix found in source/github/meta-introspector/git-submodules-rs-nix/sources/ironthree/cargoman. Skipping.
Checking submodule: source/github/meta-introspector/git-submodules-rs-nix/sources/meta-introspector/MoCoPr
No flake.nix found in source/github/meta-introspector/git-submodules-rs-nix/sources/meta-introspector/MoCoPr. Skipping.
Checking submodule: source/github/meta-introspector/git-submodules-rs-nix/sources/meta-introspector/mcp-attr
No flake.nix found in source/github/meta-introspector/git-submodules-rs-nix/sources/meta-introspector/mcp-attr. Skipping.
Checking submodule: source/github/meta-introspector/git-submodules-rs-nix/sources/meta-introspector/mcp-attr/external/modelcontextprotocol-specification
No flake.nix found in source/github/meta-introspector/git-submodules-rs-nix/sources/meta-introspector/mcp-attr/external/modelcontextprotocol-specification. Skipping.
Checking submodule: source/github/meta-introspector/git-submodules-rs-nix/sources/meta-introspector/mcp-discovery
No flake.nix found in source/github/meta-introspector/git-submodules-rs-nix/sources/meta-introspector/mcp-discovery. Skipping.
Checking submodule: source/github/meta-introspector/git-submodules-rs-nix/sources/meta-introspector/memkb-mcp-rust
No flake.nix found in source/github/meta-introspector/git-submodules-rs-nix/sources/meta-introspector/memkb-mcp-rust. Skipping.
Checking submodule: source/github/meta-introspector/git-submodules-rs-nix/sources/meta-introspector/monomcp-rust
No flake.nix found in source/github/meta-introspector/git-submodules-rs-nix/sources/meta-introspector/monomcp-rust. Skipping.
Checking submodule: source/github/meta-introspector/git-submodules-rs-nix/sources/meta-introspector/monomcp-rust/monomcp/MoCoPr
No flake.nix found in source/github/meta-introspector/git-submodules-rs-nix/sources/meta-introspector/monomcp-rust/monomcp/MoCoPr. Skipping.
Checking submodule: source/github/meta-introspector/git-submodules-rs-nix/sources/meta-introspector/monomcp-rust/monomcp/agentic
No flake.nix found in source/github/meta-introspector/git-submodules-rs-nix/sources/meta-introspector/monomcp-rust/monomcp/agentic. Skipping.
Checking submodule: source/github/meta-introspector/git-submodules-rs-nix/sources/meta-introspector/monomcp-rust/monomcp/generative_modular_forms
No flake.nix found in source/github/meta-introspector/git-submodules-rs-nix/sources/meta-introspector/monomcp-rust/monomcp/generative_modular_forms. Skipping.
Checking submodule: source/github/meta-introspector/git-submodules-rs-nix/sources/meta-introspector/monomcp-rust/monomcp/mcp-attr
No flake.nix found in source/github/meta-introspector/git-submodules-rs-nix/sources/meta-introspector/monomcp-rust/monomcp/mcp-attr. Skipping.
Checking submodule: source/github/meta-introspector/git-submodules-rs-nix/sources/meta-introspector/monomcp-rust/monomcp/mcp-attr/external/modelcontextprotocol-specification
No flake.nix found in source/github/meta-introspector/git-submodules-rs-nix/sources/meta-introspector/monomcp-rust/monomcp/mcp-attr/external/modelcontextprotocol-specification. Skipping.
Checking submodule: source/github/meta-introspector/git-submodules-rs-nix/sources/meta-introspector/monomcp-rust/monomcp/mcp-discovery
No flake.nix found in source/github/meta-introspector/git-submodules-rs-nix/sources/meta-introspector/monomcp-rust/monomcp/mcp-discovery. Skipping.
Checking submodule: source/github/meta-introspector/git-submodules-rs-nix/sources/meta-introspector/monomcp-rust/monomcp/memkb-mcp-rust
No flake.nix found in source/github/meta-introspector/git-submodules-rs-nix/sources/meta-introspector/monomcp-rust/monomcp/memkb-mcp-rust. Skipping.
Checking submodule: source/github/meta-introspector/git-submodules-rs-nix/sources/meta-introspector/monomcp-rust/monomcp/paiml-mcp-agent-toolkit
No flake.nix found in source/github/meta-introspector/git-submodules-rs-nix/sources/meta-introspector/monomcp-rust/monomcp/paiml-mcp-agent-toolkit. Skipping.
Checking submodule: source/github/meta-introspector/git-submodules-rs-nix/sources/meta-introspector/monomcp-rust/monomcp/ramparts
No flake.nix found in source/github/meta-introspector/git-submodules-rs-nix/sources/meta-introspector/monomcp-rust/monomcp/ramparts. Skipping.
Checking submodule: source/github/meta-introspector/git-submodules-rs-nix/sources/meta-introspector/monomcp-rust/monomcp/rmcp-agent
No flake.nix found in source/github/meta-introspector/git-submodules-rs-nix/sources/meta-introspector/monomcp-rust/monomcp/rmcp-agent. Skipping.
Checking submodule: source/github/meta-introspector/git-submodules-rs-nix/sources/meta-introspector/monomcp-rust/monomcp/rust-mcp-filesystem
No flake.nix found in source/github/meta-introspector/git-submodules-rs-nix/sources/meta-introspector/monomcp-rust/monomcp/rust-mcp-filesystem. Skipping.
Checking submodule: source/github/meta-introspector/git-submodules-rs-nix/sources/meta-introspector/monomcp-rust/monomcp/rust-mcp-sdk
No flake.nix found in source/github/meta-introspector/git-submodules-rs-nix/sources/meta-introspector/monomcp-rust/monomcp/rust-mcp-sdk. Skipping.
Checking submodule: source/github/meta-introspector/git-submodules-rs-nix/sources/meta-introspector/monomcp-rust/monomcp/simd-kernels
No flake.nix found in source/github/meta-introspector/git-submodules-rs-nix/sources/meta-introspector/monomcp-rust/monomcp/simd-kernels. Skipping.
Checking submodule: source/github/meta-introspector/git-submodules-rs-nix/sources/meta-introspector/monomcp-rust/monomcp/siumai
No flake.nix found in source/github/meta-introspector/git-submodules-rs-nix/sources/meta-introspector/monomcp-rust/monomcp/siumai. Skipping.
Checking submodule: source/github/meta-introspector/git-submodules-rs-nix/sources/meta-introspector/monomcp-rust/monomcp/turbomcp
No flake.nix found in source/github/meta-introspector/git-submodules-rs-nix/sources/meta-introspector/monomcp-rust/monomcp/turbomcp. Skipping.
Checking submodule: source/github/meta-introspector/git-submodules-rs-nix/sources/meta-introspector/monomcp-rust/monomcp/vendor/ar_archive_writer
No flake.nix found in source/github/meta-introspector/git-submodules-rs-nix/sources/meta-introspector/monomcp-rust/monomcp/vendor/ar_archive_writer. Skipping.
Checking submodule: source/github/meta-introspector/git-submodules-rs-nix/sources/meta-introspector/monomcp-rust/monomcp/vendor/arrow-rs
No flake.nix found in source/github/meta-introspector/git-submodules-rs-nix/sources/meta-introspector/monomcp-rust/monomcp/vendor/arrow-rs. Skipping.
Checking submodule: source/github/meta-introspector/git-submodules-rs-nix/sources/meta-introspector/monomcp-rust/monomcp/vendor/arrow-rs/parquet-testing
No flake.nix found in source/github/meta-introspector/git-submodules-rs-nix/sources/meta-introspector/monomcp-rust/monomcp/vendor/arrow-rs/parquet-testing. Skipping.
Checking submodule: source/github/meta-introspector/git-submodules-rs-nix/sources/meta-introspector/monomcp-rust/monomcp/vendor/arrow-rs/testing
No flake.nix found in source/github/meta-introspector/git-submodules-rs-nix/sources/meta-introspector/monomcp-rust/monomcp/vendor/arrow-rs/testing. Skipping.
Checking submodule: source/github/meta-introspector/git-submodules-rs-nix/sources/meta-introspector/monomcp-rust/monomcp/vendor/cargo-platform
No flake.nix found in source/github/meta-introspector/git-submodules-rs-nix/sources/meta-introspector/monomcp-rust/monomcp/vendor/cargo-platform. Skipping.
Checking submodule: source/github/meta-introspector/git-submodules-rs-nix/sources/meta-introspector/monomcp-rust/monomcp/vendor/cargo-rust-lang
No flake.nix found in source/github/meta-introspector/git-submodules-rs-nix/sources/meta-introspector/monomcp-rust/monomcp/vendor/cargo-rust-lang. Skipping.
Checking submodule: source/github/meta-introspector/git-submodules-rs-nix/sources/meta-introspector/monomcp-rust/monomcp/vendor/hugging-face-dataset-validator-rust
No flake.nix found in source/github/meta-introspector/git-submodules-rs-nix/sources/meta-introspector/monomcp-rust/monomcp/vendor/hugging-face-dataset-validator-rust. Skipping.
Checking submodule: source/github/meta-introspector/git-submodules-rs-nix/sources/meta-introspector/monomcp-rust/monomcp/vendor/rustc-stable-hash
No flake.nix found in source/github/meta-introspector/git-submodules-rs-nix/sources/meta-introspector/monomcp-rust/monomcp/vendor/rustc-stable-hash. Skipping.
Checking submodule: source/github/meta-introspector/git-submodules-rs-nix/sources/meta-introspector/monomcp-rust/monomcp/vendor/smallvec
No flake.nix found in source/github/meta-introspector/git-submodules-rs-nix/sources/meta-introspector/monomcp-rust/monomcp/vendor/smallvec. Skipping.
Checking submodule: source/github/meta-introspector/git-submodules-rs-nix/sources/meta-introspector/monomcp-rust/monomcp/vendor/tracing-vendor/tracing
No flake.nix found in source/github/meta-introspector/git-submodules-rs-nix/sources/meta-introspector/monomcp-rust/monomcp/vendor/tracing-vendor/tracing. Skipping.
Checking submodule: source/github/meta-introspector/git-submodules-rs-nix/sources/meta-introspector/paiml-mcp-agent-toolkit
No flake.nix found in source/github/meta-introspector/git-submodules-rs-nix/sources/meta-introspector/paiml-mcp-agent-toolkit. Skipping.
Checking submodule: source/github/meta-introspector/git-submodules-rs-nix/sources/meta-introspector/ramparts
No flake.nix found in source/github/meta-introspector/git-submodules-rs-nix/sources/meta-introspector/ramparts. Skipping.
Checking submodule: source/github/meta-introspector/git-submodules-rs-nix/sources/meta-introspector/rmcp-agent
No flake.nix found in source/github/meta-introspector/git-submodules-rs-nix/sources/meta-introspector/rmcp-agent. Skipping.
Checking submodule: source/github/meta-introspector/git-submodules-rs-nix/sources/meta-introspector/rust-mcp-filesystem
No flake.nix found in source/github/meta-introspector/git-submodules-rs-nix/sources/meta-introspector/rust-mcp-filesystem. Skipping.
Checking submodule: source/github/meta-introspector/git-submodules-rs-nix/sources/meta-introspector/rust-mcp-sdk
No flake.nix found in source/github/meta-introspector/git-submodules-rs-nix/sources/meta-introspector/rust-mcp-sdk. Skipping.
Checking submodule: source/github/meta-introspector/git-submodules-rs-nix/sources/meta-introspector/turbomcp
No flake.nix found in source/github/meta-introspector/git-submodules-rs-nix/sources/meta-introspector/turbomcp. Skipping.
Checking submodule: source/github/meta-introspector/git-submodules-rs-nix/sources/simensgreen/cargo-incvec
No flake.nix found in source/github/meta-introspector/git-submodules-rs-nix/sources/simensgreen/cargo-incvec. Skipping.
Checking submodule: source/github/meta-introspector/git-submodules-rs-nix/submod
No flake.nix found in source/github/meta-introspector/git-submodules-rs-nix/submod. Skipping.
Checking submodule: source/github/meta-introspector/git-submodules-rs-nix/tools/tool-template
No flake.nix found in source/github/meta-introspector/git-submodules-rs-nix/tools/tool-template. Skipping.
Checking submodule: source/github/meta-introspector/git-submodules-rs-nix/tools/wikidata
No flake.nix found in source/github/meta-introspector/git-submodules-rs-nix/tools/wikidata. Skipping.
Checking submodule: source/github/meta-introspector/git-submodules-rs-nix/tools/wikidata/prelude
No flake.nix found in source/github/meta-introspector/git-submodules-rs-nix/tools/wikidata/prelude. Skipping.
Checking submodule: source/github/meta-introspector/hackathon
No flake.nix found in source/github/meta-introspector/hackathon. Skipping.
Checking submodule: source/github/meta-introspector/introspector-llc
No flake.nix found in source/github/meta-introspector/introspector-llc. Skipping.
Checking submodule: source/github/meta-introspector/lattice-introspector
No flake.nix found in source/github/meta-introspector/lattice-introspector. Skipping.
Checking submodule: source/github/meta-introspector/lattice-introspector/data
No flake.nix found in source/github/meta-introspector/lattice-introspector/data. Skipping.
Checking submodule: source/github/meta-introspector/lattice-introspector/vendor/DaoFP
No flake.nix found in source/github/meta-introspector/lattice-introspector/vendor/DaoFP. Skipping.
Checking submodule: source/github/meta-introspector/lattice-introspector/vendor/abi_stable_crates
No flake.nix found in source/github/meta-introspector/lattice-introspector/vendor/abi_stable_crates. Skipping.
Checking submodule: source/github/meta-introspector/lattice-introspector/vendor/ai-agent-terraform
No flake.nix found in source/github/meta-introspector/lattice-introspector/vendor/ai-agent-terraform. Skipping.
Checking submodule: source/github/meta-introspector/lattice-introspector/vendor/aichat
No flake.nix found in source/github/meta-introspector/lattice-introspector/vendor/aichat. Skipping.
Checking submodule: source/github/meta-introspector/lattice-introspector/vendor/aichat/oauth_review/r-google-oauth2
No flake.nix found in source/github/meta-introspector/lattice-introspector/vendor/aichat/oauth_review/r-google-oauth2. Skipping.
Checking submodule: source/github/meta-introspector/lattice-introspector/vendor/aichat/oauth_review/rs-gapi-oauth
No flake.nix found in source/github/meta-introspector/lattice-introspector/vendor/aichat/oauth_review/rs-gapi-oauth. Skipping.
Checking submodule: source/github/meta-introspector/lattice-introspector/vendor/bootstrap
No flake.nix found in source/github/meta-introspector/lattice-introspector/vendor/bootstrap. Skipping.
Checking submodule: source/github/meta-introspector/lattice-introspector/vendor/copper
No flake.nix found in source/github/meta-introspector/lattice-introspector/vendor/copper. Skipping.
Checking submodule: source/github/meta-introspector/lattice-introspector/vendor/cranelift
No flake.nix found in source/github/meta-introspector/lattice-introspector/vendor/cranelift. Skipping.
Checking submodule: source/github/meta-introspector/lattice-introspector/vendor/cranelift/tests/component-model
No flake.nix found in source/github/meta-introspector/lattice-introspector/vendor/cranelift/tests/component-model. Skipping.
Checking submodule: source/github/meta-introspector/lattice-introspector/vendor/cranelift/tests/spec_testsuite
No flake.nix found in source/github/meta-introspector/lattice-introspector/vendor/cranelift/tests/spec_testsuite. Skipping.
Checking submodule: source/github/meta-introspector/lattice-introspector/vendor/cranelift/tests/wasi_testsuite/wasi-common
No flake.nix found in source/github/meta-introspector/lattice-introspector/vendor/cranelift/tests/wasi_testsuite/wasi-common. Skipping.
Checking submodule: source/github/meta-introspector/lattice-introspector/vendor/cranelift/tests/wasi_testsuite/wasi-threads
No flake.nix found in source/github/meta-introspector/lattice-introspector/vendor/cranelift/tests/wasi_testsuite/wasi-threads. Skipping.
Checking submodule: source/github/meta-introspector/lattice-introspector/vendor/gen-mod-form
No flake.nix found in source/github/meta-introspector/lattice-introspector/vendor/gen-mod-form. Skipping.
Checking submodule: source/github/meta-introspector/lattice-introspector/vendor/grok-cli
No flake.nix found in source/github/meta-introspector/lattice-introspector/vendor/grok-cli. Skipping.
Checking submodule: source/github/meta-introspector/lattice-introspector/vendor/hugging-face-dataset-validator-rust
No flake.nix found in source/github/meta-introspector/lattice-introspector/vendor/hugging-face-dataset-validator-rust. Skipping.
Checking submodule: source/github/meta-introspector/lattice-introspector/vendor/intel-mkl-src
No flake.nix found in source/github/meta-introspector/lattice-introspector/vendor/intel-mkl-src. Skipping.
Checking submodule: source/github/meta-introspector/lattice-introspector/vendor/libminizinc
No flake.nix found in source/github/meta-introspector/lattice-introspector/vendor/libminizinc. Skipping.
Checking submodule: source/github/meta-introspector/lattice-introspector/vendor/memkb-mcp-rust
No flake.nix found in source/github/meta-introspector/lattice-introspector/vendor/memkb-mcp-rust. Skipping.
Checking submodule: source/github/meta-introspector/lattice-introspector/vendor/monomcp-rust
No flake.nix found in source/github/meta-introspector/lattice-introspector/vendor/monomcp-rust. Skipping.
Checking submodule: source/github/meta-introspector/lattice-introspector/vendor/monomcp-rust/monomcp/MoCoPr
No flake.nix found in source/github/meta-introspector/lattice-introspector/vendor/monomcp-rust/monomcp/MoCoPr. Skipping.
Checking submodule: source/github/meta-introspector/lattice-introspector/vendor/monomcp-rust/monomcp/agentic
No flake.nix found in source/github/meta-introspector/lattice-introspector/vendor/monomcp-rust/monomcp/agentic. Skipping.
Checking submodule: source/github/meta-introspector/lattice-introspector/vendor/monomcp-rust/monomcp/generative_modular_forms
No flake.nix found in source/github/meta-introspector/lattice-introspector/vendor/monomcp-rust/monomcp/generative_modular_forms. Skipping.
Checking submodule: source/github/meta-introspector/lattice-introspector/vendor/monomcp-rust/monomcp/mcp-attr
No flake.nix found in source/github/meta-introspector/lattice-introspector/vendor/monomcp-rust/monomcp/mcp-attr. Skipping.
Checking submodule: source/github/meta-introspector/lattice-introspector/vendor/monomcp-rust/monomcp/mcp-discovery
No flake.nix found in source/github/meta-introspector/lattice-introspector/vendor/monomcp-rust/monomcp/mcp-discovery. Skipping.
Checking submodule: source/github/meta-introspector/lattice-introspector/vendor/monomcp-rust/monomcp/memkb-mcp-rust
No flake.nix found in source/github/meta-introspector/lattice-introspector/vendor/monomcp-rust/monomcp/memkb-mcp-rust. Skipping.
Checking submodule: source/github/meta-introspector/lattice-introspector/vendor/monomcp-rust/monomcp/paiml-mcp-agent-toolkit
No flake.nix found in source/github/meta-introspector/lattice-introspector/vendor/monomcp-rust/monomcp/paiml-mcp-agent-toolkit. Skipping.
Checking submodule: source/github/meta-introspector/lattice-introspector/vendor/monomcp-rust/monomcp/ramparts
No flake.nix found in source/github/meta-introspector/lattice-introspector/vendor/monomcp-rust/monomcp/ramparts. Skipping.
Checking submodule: source/github/meta-introspector/lattice-introspector/vendor/monomcp-rust/monomcp/rmcp-agent
No flake.nix found in source/github/meta-introspector/lattice-introspector/vendor/monomcp-rust/monomcp/rmcp-agent. Skipping.
Checking submodule: source/github/meta-introspector/lattice-introspector/vendor/monomcp-rust/monomcp/rust-mcp-filesystem
No flake.nix found in source/github/meta-introspector/lattice-introspector/vendor/monomcp-rust/monomcp/rust-mcp-filesystem. Skipping.
Checking submodule: source/github/meta-introspector/lattice-introspector/vendor/monomcp-rust/monomcp/rust-mcp-sdk
No flake.nix found in source/github/meta-introspector/lattice-introspector/vendor/monomcp-rust/monomcp/rust-mcp-sdk. Skipping.
Checking submodule: source/github/meta-introspector/lattice-introspector/vendor/monomcp-rust/monomcp/simd-kernels
No flake.nix found in source/github/meta-introspector/lattice-introspector/vendor/monomcp-rust/monomcp/simd-kernels. Skipping.
Checking submodule: source/github/meta-introspector/lattice-introspector/vendor/monomcp-rust/monomcp/siumai
No flake.nix found in source/github/meta-introspector/lattice-introspector/vendor/monomcp-rust/monomcp/siumai. Skipping.
Checking submodule: source/github/meta-introspector/lattice-introspector/vendor/monomcp-rust/monomcp/turbomcp
No flake.nix found in source/github/meta-introspector/lattice-introspector/vendor/monomcp-rust/monomcp/turbomcp. Skipping.
Checking submodule: source/github/meta-introspector/lattice-introspector/vendor/monomcp-rust/monomcp/vendor/ar_archive_writer
No flake.nix found in source/github/meta-introspector/lattice-introspector/vendor/monomcp-rust/monomcp/vendor/ar_archive_writer. Skipping.
Checking submodule: source/github/meta-introspector/lattice-introspector/vendor/monomcp-rust/monomcp/vendor/arrow-rs
No flake.nix found in source/github/meta-introspector/lattice-introspector/vendor/monomcp-rust/monomcp/vendor/arrow-rs. Skipping.
Checking submodule: source/github/meta-introspector/lattice-introspector/vendor/monomcp-rust/monomcp/vendor/cargo-platform
No flake.nix found in source/github/meta-introspector/lattice-introspector/vendor/monomcp-rust/monomcp/vendor/cargo-platform. Skipping.
Checking submodule: source/github/meta-introspector/lattice-introspector/vendor/ragit
No flake.nix found in source/github/meta-introspector/lattice-introspector/vendor/ragit. Skipping.
Checking submodule: source/github/meta-introspector/lattice-introspector/vendor/rust-smallvec
No flake.nix found in source/github/meta-introspector/lattice-introspector/vendor/rust-smallvec. Skipping.
Checking submodule: source/github/meta-introspector/lattice-introspector/vendor/rustc-stable-hash
No flake.nix found in source/github/meta-introspector/lattice-introspector/vendor/rustc-stable-hash. Skipping.
Checking submodule: source/github/meta-introspector/lattice-introspector/vendor/scirs
No flake.nix found in source/github/meta-introspector/lattice-introspector/vendor/scirs. Skipping.
Checking submodule: source/github/meta-introspector/lattice-introspector/vendor/simd-kernels
No flake.nix found in source/github/meta-introspector/lattice-introspector/vendor/simd-kernels. Skipping.
Checking submodule: source/github/meta-introspector/lattice-introspector/vendor/solfunmeme-dioxus
No flake.nix found in source/github/meta-introspector/lattice-introspector/vendor/solfunmeme-dioxus. Skipping.
Checking submodule: source/github/meta-introspector/lean4
Found flake.nix in source/github/meta-introspector/lean4. Processing...
Found the following submodules to process: source/github/meta-introspector/lean4
--- Processing lean4 at source/github/meta-introspector/lean4 ---
Branch feature/CRQ-016-nixify-workflow does not exist. Creating and checking it out.
Committing changes in /data/data/com.termux.nix/files/home/pick-up-nix2/source/github/meta-introspector/lean4 for CRQ-016
[feature/CRQ-016-nixify-workflow 7f93284965] feat(lean4): CRQ-016 - Standardize flake.nix from template
 3 files changed, 9 insertions(+), 9 deletions(-)
Commit successful for CRQ-016 in source/github/meta-introspector/lean4.
Pushing changes...
--- Finished lean4 ---

All submodules have been committed and pushed.
Finished processing source/github/meta-introspector/lean4
Checking submodule: source/github/meta-introspector/minizinc-introspector
No flake.nix found in source/github/meta-introspector/minizinc-introspector. Skipping.
Checking submodule: source/github/meta-introspector/neo
No flake.nix found in source/github/meta-introspector/neo. Skipping.
Checking submodule: source/github/meta-introspector/quasi-meta-meme
No flake.nix found in source/github/meta-introspector/quasi-meta-meme. Skipping.
Checking submodule: source/github/meta-introspector/ragit
No flake.nix found in source/github/meta-introspector/ragit. Skipping.
Checking submodule: source/github/meta-introspector/ragit/idx
No flake.nix found in source/github/meta-introspector/ragit/idx. Skipping.
Checking submodule: source/github/meta-introspector/ragit/index/solfunmeme-index
No flake.nix found in source/github/meta-introspector/ragit/index/solfunmeme-index. Skipping.
Checking submodule: source/github/meta-introspector/ragit/pilot-agent-cli
No flake.nix found in source/github/meta-introspector/ragit/pilot-agent-cli. Skipping.
Checking submodule: source/github/meta-introspector/ragit/spinoffs/model-builder-quiz
No flake.nix found in source/github/meta-introspector/ragit/spinoffs/model-builder-quiz. Skipping.
Checking submodule: source/github/meta-introspector/ragit/vendor/amazon-q-developer-cli
No flake.nix found in source/github/meta-introspector/ragit/vendor/amazon-q-developer-cli. Skipping.
Checking submodule: source/github/meta-introspector/ragit/vendor/amazon-q-developer-cli/vendor/gemini-cli
No flake.nix found in source/github/meta-introspector/ragit/vendor/amazon-q-developer-cli/vendor/gemini-cli. Skipping.
Checking submodule: source/github/meta-introspector/ragit/vendor/amazon-q-developer-cli/vendor/solfunmeme-dioxus
No flake.nix found in source/github/meta-introspector/ragit/vendor/amazon-q-developer-cli/vendor/solfunmeme-dioxus. Skipping.
Checking submodule: source/github/meta-introspector/ragit/vendor/amazon-q-developer-cli/vendor/solfunmeme-dioxus/bootstrap
No flake.nix found in source/github/meta-introspector/ragit/vendor/amazon-q-developer-cli/vendor/solfunmeme-dioxus/bootstrap. Skipping.
Checking submodule: source/github/meta-introspector/ragit/vendor/amazon-q-developer-cli/vendor/solfunmeme-dioxus/crates/task_manager
No flake.nix found in source/github/meta-introspector/ragit/vendor/amazon-q-developer-cli/vendor/solfunmeme-dioxus/crates/task_manager. Skipping.
Checking submodule: source/github/meta-introspector/ragit/vendor/amazon-q-developer-cli/vendor/solfunmeme-dioxus/hf_dataset
No flake.nix found in source/github/meta-introspector/ragit/vendor/amazon-q-developer-cli/vendor/solfunmeme-dioxus/hf_dataset. Skipping.
Checking submodule: source/github/meta-introspector/ragit/vendor/amazon-q-developer-cli/vendor/solfunmeme-dioxus/hg_datasets/microlean4
No flake.nix found in source/github/meta-introspector/ragit/vendor/amazon-q-developer-cli/vendor/solfunmeme-dioxus/hg_datasets/microlean4. Skipping.
Checking submodule: source/github/meta-introspector/ragit/vendor/amazon-q-developer-cli/vendor/solfunmeme-dioxus/vendor/axum
No flake.nix found in source/github/meta-introspector/ragit/vendor/amazon-q-developer-cli/vendor/solfunmeme-dioxus/vendor/axum. Skipping.
Checking submodule: source/github/meta-introspector/ragit/vendor/amazon-q-developer-cli/vendor/solfunmeme-dioxus/vendor/bm25
No flake.nix found in source/github/meta-introspector/ragit/vendor/amazon-q-developer-cli/vendor/solfunmeme-dioxus/vendor/bm25. Skipping.
Checking submodule: source/github/meta-introspector/ragit/vendor/amazon-q-developer-cli/vendor/solfunmeme-dioxus/vendor/candle
No flake.nix found in source/github/meta-introspector/ragit/vendor/amazon-q-developer-cli/vendor/solfunmeme-dioxus/vendor/candle. Skipping.
Checking submodule: source/github/meta-introspector/ragit/vendor/amazon-q-developer-cli/vendor/solfunmeme-dioxus/vendor/candle/candle-flash-attn/cutlass
No flake.nix found in source/github/meta-introspector/ragit/vendor/amazon-q-developer-cli/vendor/solfunmeme-dioxus/vendor/candle/candle-flash-attn/cutlass. Skipping.
Checking submodule: source/github/meta-introspector/ragit/vendor/amazon-q-developer-cli/vendor/solfunmeme-dioxus/vendor/dioxus-charts
No flake.nix found in source/github/meta-introspector/ragit/vendor/amazon-q-developer-cli/vendor/solfunmeme-dioxus/vendor/dioxus-charts. Skipping.
Checking submodule: source/github/meta-introspector/ragit/vendor/amazon-q-developer-cli/vendor/solfunmeme-dioxus/vendor/eliza-rs
No flake.nix found in source/github/meta-introspector/ragit/vendor/amazon-q-developer-cli/vendor/solfunmeme-dioxus/vendor/eliza-rs. Skipping.
Checking submodule: source/github/meta-introspector/ragit/vendor/amazon-q-developer-cli/vendor/solfunmeme-dioxus/vendor/fastembed-rs
Found flake.nix in source/github/meta-introspector/ragit/vendor/amazon-q-developer-cli/vendor/solfunmeme-dioxus/vendor/fastembed-rs. Processing...
Found the following submodules to process: source/github/meta-introspector/ragit/vendor/amazon-q-developer-cli/vendor/solfunmeme-dioxus/vendor/fastembed-rs
--- Processing fastembed-rs at source/github/meta-introspector/ragit/vendor/amazon-q-developer-cli/vendor/solfunmeme-dioxus/vendor/fastembed-rs ---
Branch feature/CRQ-016-nixify-workflow does not exist. Creating and checking it out.
Committing changes in /data/data/com.termux.nix/files/home/pick-up-nix2/source/github/meta-introspector/ragit/vendor/amazon-q-developer-cli/vendor/solfunmeme-dioxus/vendor/fastembed-rs for CRQ-016
[feature/CRQ-016-nixify-workflow 4f3c8a2] feat(fastembed-rs): CRQ-016 - Standardize flake.nix from template
 1 file changed, 2 insertions(+), 2 deletions(-)
Commit successful for CRQ-016 in source/github/meta-introspector/ragit/vendor/amazon-q-developer-cli/vendor/solfunmeme-dioxus/vendor/fastembed-rs.
Pushing changes...
Renaming origin to upstream.
Creating fork...
--- Finished fastembed-rs ---

All submodules have been committed and pushed.
Finished processing source/github/meta-introspector/ragit/vendor/amazon-q-developer-cli/vendor/solfunmeme-dioxus/vendor/fastembed-rs
Checking submodule: source/github/meta-introspector/ragit/vendor/amazon-q-developer-cli/vendor/solfunmeme-dioxus/vendor/float-cmp
No flake.nix found in source/github/meta-introspector/ragit/vendor/amazon-q-developer-cli/vendor/solfunmeme-dioxus/vendor/float-cmp. Skipping.
Checking submodule: source/github/meta-introspector/ragit/vendor/amazon-q-developer-cli/vendor/solfunmeme-dioxus/vendor/gline-rs
No flake.nix found in source/github/meta-introspector/ragit/vendor/amazon-q-developer-cli/vendor/solfunmeme-dioxus/vendor/gline-rs. Skipping.
Checking submodule: source/github/meta-introspector/ragit/vendor/amazon-q-developer-cli/vendor/solfunmeme-dioxus/vendor/json-ld
No flake.nix found in source/github/meta-introspector/ragit/vendor/amazon-q-developer-cli/vendor/solfunmeme-dioxus/vendor/json-ld. Skipping.
Checking submodule: source/github/meta-introspector/ragit/vendor/amazon-q-developer-cli/vendor/solfunmeme-dioxus/vendor/json-ld/tests/json-ld-api
No flake.nix found in source/github/meta-introspector/ragit/vendor/amazon-q-developer-cli/vendor/solfunmeme-dioxus/vendor/json-ld/tests/json-ld-api. Skipping.
Checking submodule: source/github/meta-introspector/ragit/vendor/amazon-q-developer-cli/vendor/solfunmeme-dioxus/vendor/keyword-extraction-rs
No flake.nix found in source/github/meta-introspector/ragit/vendor/amazon-q-developer-cli/vendor/solfunmeme-dioxus/vendor/keyword-extraction-rs. Skipping.
Checking submodule: source/github/meta-introspector/ragit/vendor/amazon-q-developer-cli/vendor/solfunmeme-dioxus/vendor/layered-nlp
No flake.nix found in source/github/meta-introspector/ragit/vendor/amazon-q-developer-cli/vendor/solfunmeme-dioxus/vendor/layered-nlp. Skipping.
Checking submodule: source/github/meta-introspector/ragit/vendor/amazon-q-developer-cli/vendor/solfunmeme-dioxus/vendor/linfa
No flake.nix found in source/github/meta-introspector/ragit/vendor/amazon-q-developer-cli/vendor/solfunmeme-dioxus/vendor/linfa. Skipping.
Checking submodule: source/github/meta-introspector/ragit/vendor/amazon-q-developer-cli/vendor/solfunmeme-dioxus/vendor/llms-from-scratch-rs
No flake.nix found in source/github/meta-introspector/ragit/vendor/amazon-q-developer-cli/vendor/solfunmeme-dioxus/vendor/llms-from-scratch-rs. Skipping.
Checking submodule: source/github/meta-introspector/ragit/vendor/amazon-q-developer-cli/vendor/solfunmeme-dioxus/vendor/model2vec-rs
No flake.nix found in source/github/meta-introspector/ragit/vendor/amazon-q-developer-cli/vendor/solfunmeme-dioxus/vendor/model2vec-rs. Skipping.
Checking submodule: source/github/meta-introspector/ragit/vendor/amazon-q-developer-cli/vendor/solfunmeme-dioxus/vendor/orp
No flake.nix found in source/github/meta-introspector/ragit/vendor/amazon-q-developer-cli/vendor/solfunmeme-dioxus/vendor/orp. Skipping.
Checking submodule: source/github/meta-introspector/ragit/vendor/amazon-q-developer-cli/vendor/solfunmeme-dioxus/vendor/rhai
No flake.nix found in source/github/meta-introspector/ragit/vendor/amazon-q-developer-cli/vendor/solfunmeme-dioxus/vendor/rhai. Skipping.
Checking submodule: source/github/meta-introspector/ragit/vendor/amazon-q-developer-cli/vendor/solfunmeme-dioxus/vendor/rust-embed
No flake.nix found in source/github/meta-introspector/ragit/vendor/amazon-q-developer-cli/vendor/solfunmeme-dioxus/vendor/rust-embed. Skipping.
Checking submodule: source/github/meta-introspector/ragit/vendor/amazon-q-developer-cli/vendor/solfunmeme-dioxus/vendor/rust_libloading
No flake.nix found in source/github/meta-introspector/ragit/vendor/amazon-q-developer-cli/vendor/solfunmeme-dioxus/vendor/rust_libloading. Skipping.
Checking submodule: source/github/meta-introspector/ragit/vendor/amazon-q-developer-cli/vendor/solfunmeme-dioxus/vendor/solana-airdrop-service
No flake.nix found in source/github/meta-introspector/ragit/vendor/amazon-q-developer-cli/vendor/solfunmeme-dioxus/vendor/solana-airdrop-service. Skipping.
Checking submodule: source/github/meta-introspector/ragit/vendor/amazon-q-developer-cli/vendor/solfunmeme-dioxus/vendor/sophia_rs
No flake.nix found in source/github/meta-introspector/ragit/vendor/amazon-q-developer-cli/vendor/solfunmeme-dioxus/vendor/sophia_rs. Skipping.
Checking submodule: source/github/meta-introspector/ragit/vendor/amazon-q-developer-cli/vendor/solfunmeme-dioxus/vendor/steel
Found flake.nix in source/github/meta-introspector/ragit/vendor/amazon-q-developer-cli/vendor/solfunmeme-dioxus/vendor/steel. Processing...
Found the following submodules to process: source/github/meta-introspector/ragit/vendor/amazon-q-developer-cli/vendor/solfunmeme-dioxus/vendor/steel
--- Processing steel at source/github/meta-introspector/ragit/vendor/amazon-q-developer-cli/vendor/solfunmeme-dioxus/vendor/steel ---
Branch feature/CRQ-016-nixify-workflow does not exist. Creating and checking it out.
Committing changes in /data/data/com.termux.nix/files/home/pick-up-nix2/source/github/meta-introspector/ragit/vendor/amazon-q-developer-cli/vendor/solfunmeme-dioxus/vendor/steel for CRQ-016
[feature/CRQ-016-nixify-workflow 1ebbb50f] feat(steel): CRQ-016 - Standardize flake.nix from template
 1 file changed, 5 insertions(+), 5 deletions(-)
Commit successful for CRQ-016 in source/github/meta-introspector/ragit/vendor/amazon-q-developer-cli/vendor/solfunmeme-dioxus/vendor/steel.
Pushing changes...
Renaming origin to upstream.
--- Finished steel ---

All submodules have been committed and pushed.
Finished processing source/github/meta-introspector/ragit/vendor/amazon-q-developer-cli/vendor/solfunmeme-dioxus/vendor/steel
Checking submodule: source/github/meta-introspector/ragit/vendor/amazon-q-developer-cli/vendor/solfunmeme-dioxus/vendor/tantivy
No flake.nix found in source/github/meta-introspector/ragit/vendor/amazon-q-developer-cli/vendor/solfunmeme-dioxus/vendor/tantivy. Skipping.
Checking submodule: source/github/meta-introspector/ragit/vendor/amazon-q-developer-cli/vendor/solfunmeme-dioxus/vendor/tclifford
No flake.nix found in source/github/meta-introspector/ragit/vendor/amazon-q-developer-cli/vendor/solfunmeme-dioxus/vendor/tclifford. Skipping.
Checking submodule: source/github/meta-introspector/ragit/vendor/amazon-q-developer-cli/vendor/solfunmeme-dioxus/vendor/tongrams-rs
No flake.nix found in source/github/meta-introspector/ragit/vendor/amazon-q-developer-cli/vendor/solfunmeme-dioxus/vendor/tongrams-rs. Skipping.
Checking submodule: source/github/meta-introspector/ragit/vendor/amazon-q-developer-cli/vendor/solfunmeme-dioxus/vendor/vaporetto
No flake.nix found in source/github/meta-introspector/ragit/vendor/amazon-q-developer-cli/vendor/solfunmeme-dioxus/vendor/vaporetto. Skipping.
Checking submodule: source/github/meta-introspector/ragit/vendor/amazon-q-developer-cli/vendor/solfunmeme-dioxus/vendor/vibrato
No flake.nix found in source/github/meta-introspector/ragit/vendor/amazon-q-developer-cli/vendor/solfunmeme-dioxus/vendor/vibrato. Skipping.
Checking submodule: source/github/meta-introspector/ragit/vendor/ask_gemini
No flake.nix found in source/github/meta-introspector/ragit/vendor/ask_gemini. Skipping.
Checking submodule: source/github/meta-introspector/ragit/vendor/askrepo
No flake.nix found in source/github/meta-introspector/ragit/vendor/askrepo. Skipping.
Checking submodule: source/github/meta-introspector/ragit/vendor/ast-grep
No flake.nix found in source/github/meta-introspector/ragit/vendor/ast-grep. Skipping.
Checking submodule: source/github/meta-introspector/ragit/vendor/coccinelleforrust
No flake.nix found in source/github/meta-introspector/ragit/vendor/coccinelleforrust. Skipping.
Checking submodule: source/github/meta-introspector/ragit/vendor/comby
No flake.nix found in source/github/meta-introspector/ragit/vendor/comby. Skipping.
Checking submodule: source/github/meta-introspector/ragit/vendor/comby-rust
No flake.nix found in source/github/meta-introspector/ragit/vendor/comby-rust. Skipping.
Checking submodule: source/github/meta-introspector/ragit/vendor/em-refactor
No flake.nix found in source/github/meta-introspector/ragit/vendor/em-refactor. Skipping.
Checking submodule: source/github/meta-introspector/ragit/vendor/extricrate
No flake.nix found in source/github/meta-introspector/ragit/vendor/extricrate. Skipping.
Checking submodule: source/github/meta-introspector/ragit/vendor/frustum
No flake.nix found in source/github/meta-introspector/ragit/vendor/frustum. Skipping.
Checking submodule: source/github/meta-introspector/ragit/vendor/google-ai-rs
No flake.nix found in source/github/meta-introspector/ragit/vendor/google-ai-rs. Skipping.
Checking submodule: source/github/meta-introspector/ragit/vendor/google-oauth
No flake.nix found in source/github/meta-introspector/ragit/vendor/google-oauth. Skipping.
Checking submodule: source/github/meta-introspector/ragit/vendor/llm
No flake.nix found in source/github/meta-introspector/ragit/vendor/llm. Skipping.
Checking submodule: source/github/meta-introspector/ragit/vendor/llmclient
No flake.nix found in source/github/meta-introspector/ragit/vendor/llmclient. Skipping.
Checking submodule: source/github/meta-introspector/ragit/vendor/meta-introspector/agave-solana-validator
No flake.nix found in source/github/meta-introspector/ragit/vendor/meta-introspector/agave-solana-validator. Skipping.
Checking submodule: source/github/meta-introspector/ragit/vendor/meta-introspector/ai-agent-terraform
No flake.nix found in source/github/meta-introspector/ragit/vendor/meta-introspector/ai-agent-terraform. Skipping.
Checking submodule: source/github/meta-introspector/ragit/vendor/meta-introspector/bootstrap
No flake.nix found in source/github/meta-introspector/ragit/vendor/meta-introspector/bootstrap. Skipping.
Checking submodule: source/github/meta-introspector/ragit/vendor/meta-introspector/hugging-face-dataset-validator-rust
No flake.nix found in source/github/meta-introspector/ragit/vendor/meta-introspector/hugging-face-dataset-validator-rust. Skipping.
Checking submodule: source/github/meta-introspector/ragit/vendor/meta-introspector/meta-meme
No flake.nix found in source/github/meta-introspector/ragit/vendor/meta-introspector/meta-meme. Skipping.
Checking submodule: source/github/meta-introspector/ragit/vendor/meta-introspector/quasi-meta-meme
No flake.nix found in source/github/meta-introspector/ragit/vendor/meta-introspector/quasi-meta-meme. Skipping.
Checking submodule: source/github/meta-introspector/ragit/vendor/meta-introspector/solfunmeme
No flake.nix found in source/github/meta-introspector/ragit/vendor/meta-introspector/solfunmeme. Skipping.
Checking submodule: source/github/meta-introspector/ragit/vendor/meta-introspector/solfunmeme-dioxus
No flake.nix found in source/github/meta-introspector/ragit/vendor/meta-introspector/solfunmeme-dioxus. Skipping.
Checking submodule: source/github/meta-introspector/ragit/vendor/mownstr
No flake.nix found in source/github/meta-introspector/ragit/vendor/mownstr. Skipping.
Checking submodule: source/github/meta-introspector/ragit/vendor/ploke
No flake.nix found in source/github/meta-introspector/ragit/vendor/ploke. Skipping.
Checking submodule: source/github/meta-introspector/ragit/vendor/refren
No flake.nix found in source/github/meta-introspector/ragit/vendor/refren. Skipping.
Checking submodule: source/github/meta-introspector/ragit/vendor/rem
No flake.nix found in source/github/meta-introspector/ragit/vendor/rem. Skipping.
Checking submodule: source/github/meta-introspector/ragit/vendor/rust-analyzer
No flake.nix found in source/github/meta-introspector/ragit/vendor/rust-analyzer. Skipping.
Checking submodule: source/github/meta-introspector/ragit/vendor/rust-clippy
No flake.nix found in source/github/meta-introspector/ragit/vendor/rust-clippy. Skipping.
Checking submodule: source/github/meta-introspector/ragit/vendor/rust-embed
No flake.nix found in source/github/meta-introspector/ragit/vendor/rust-embed. Skipping.
Checking submodule: source/github/meta-introspector/ragit/vendor/rust-refactor
No flake.nix found in source/github/meta-introspector/ragit/vendor/rust-refactor. Skipping.
Checking submodule: source/github/meta-introspector/ragit/vendor/scientisto
No flake.nix found in source/github/meta-introspector/ragit/vendor/scientisto. Skipping.
Checking submodule: source/github/meta-introspector/ragit/vendor/solfunmeme-metameme
No flake.nix found in source/github/meta-introspector/ragit/vendor/solfunmeme-metameme. Skipping.
Checking submodule: source/github/meta-introspector/ragit/vendor/sophia_rs
No flake.nix found in source/github/meta-introspector/ragit/vendor/sophia_rs. Skipping.
Checking submodule: source/github/meta-introspector/ragit/vendor/spacemod
No flake.nix found in source/github/meta-introspector/ragit/vendor/spacemod. Skipping.
Checking submodule: source/github/meta-introspector/ragit/vendor/tclifford
No flake.nix found in source/github/meta-introspector/ragit/vendor/tclifford. Skipping.
Checking submodule: source/github/meta-introspector/solfunmeme
Found flake.nix in source/github/meta-introspector/solfunmeme. Processing...
Found the following submodules to process: source/github/meta-introspector/solfunmeme
--- Processing solfunmeme at source/github/meta-introspector/solfunmeme ---
Branch feature/CRQ-016-nixify-workflow does not exist. Creating and checking it out.
Committing changes in /data/data/com.termux.nix/files/home/pick-up-nix2/source/github/meta-introspector/solfunmeme for CRQ-016
[feature/CRQ-016-nixify-workflow ca54b2f] feat(solfunmeme): CRQ-016 - Standardize flake.nix from template
 1 file changed, 2 insertions(+), 2 deletions(-)
Commit successful for CRQ-016 in source/github/meta-introspector/solfunmeme.
Pushing changes...
--- Finished solfunmeme ---

All submodules have been committed and pushed.
Finished processing source/github/meta-introspector/solfunmeme
Checking submodule: source/github/meta-introspector/streamofrandom
No flake.nix found in source/github/meta-introspector/streamofrandom. Skipping.
Checking submodule: source/github/meta-introspector/streamofrandom/2025
No flake.nix found in source/github/meta-introspector/streamofrandom/2025. Skipping.
Checking submodule: source/github/meta-introspector/streamofrandom/vendor/elizaos-plugins/plugin-twitter
No flake.nix found in source/github/meta-introspector/streamofrandom/vendor/elizaos-plugins/plugin-twitter. Skipping.
Checking submodule: source/github/meta-introspector/streamofrandom/vendor/livestream-tiktok-plugin
No flake.nix found in source/github/meta-introspector/streamofrandom/vendor/livestream-tiktok-plugin. Skipping.
Checking submodule: source/github/meta-introspector/streamofrandom/vendor/twitter-plugin
No flake.nix found in source/github/meta-introspector/streamofrandom/vendor/twitter-plugin. Skipping.
Checking submodule: source/github/meta-introspector/time
Found flake.nix in source/github/meta-introspector/time. Processing...
Found the following submodules to process: source/github/meta-introspector/time
--- Processing time at source/github/meta-introspector/time ---
Branch feature/CRQ-016-nixify-workflow does not exist. Creating and checking it out.
Committing changes in /data/data/com.termux.nix/files/home/pick-up-nix2/source/github/meta-introspector/time for CRQ-016
No changes to commit.
Commit successful for CRQ-016 in source/github/meta-introspector/time.
Pushing changes...
--- Finished time ---

All submodules have been committed and pushed.
Finished processing source/github/meta-introspector/time
Checking submodule: vendor/ebpf/aya
No flake.nix found in vendor/ebpf/aya. Skipping.
Checking submodule: vendor/ebpf/bpfjit
No flake.nix found in vendor/ebpf/bpfjit. Skipping.
Checking submodule: vendor/ebpf/bpfman
No flake.nix found in vendor/ebpf/bpfman. Skipping.
Checking submodule: vendor/ebpf/clean-dns-bpf
No flake.nix found in vendor/ebpf/clean-dns-bpf. Skipping.
Checking submodule: vendor/ebpf/eadb
No flake.nix found in vendor/ebpf/eadb. Skipping.
Checking submodule: vendor/ebpf/ebpfguard
No flake.nix found in vendor/ebpf/ebpfguard. Skipping.
Checking submodule: vendor/ebpf/libbpf-rs
No flake.nix found in vendor/ebpf/libbpf-rs. Skipping.
Checking submodule: vendor/ebpf/rbpf
No flake.nix found in vendor/ebpf/rbpf. Skipping.
Checking submodule: vendor/external/amazon-q-developer-cli
No flake.nix found in vendor/external/amazon-q-developer-cli. Skipping.
Checking submodule: vendor/external/asciinema
Found flake.nix in vendor/external/asciinema. Processing...
Found the following submodules to process: vendor/external/asciinema
--- Processing asciinema at vendor/external/asciinema ---
Branch feature/CRQ-016-nixify-workflow does not exist. Creating and checking it out.
Committing changes in /data/data/com.termux.nix/files/home/pick-up-nix2/vendor/external/asciinema for CRQ-016
[feature/CRQ-016-nixify-workflow a70c057] feat(asciinema): CRQ-016 - Standardize flake.nix from template
 1 file changed, 3 insertions(+), 3 deletions(-)
Commit successful for CRQ-016 in vendor/external/asciinema.
Pushing changes...
Renaming origin to upstream.
--- Finished asciinema ---

All submodules have been committed and pushed.
Finished processing vendor/external/asciinema
Checking submodule: vendor/external/asciinema-scenario
Found flake.nix in vendor/external/asciinema-scenario. Processing...
Found the following submodules to process: vendor/external/asciinema-scenario
--- Processing asciinema-scenario at vendor/external/asciinema-scenario ---
Branch feature/CRQ-016-nixify-workflow does not exist. Creating and checking it out.
Committing changes in /data/data/com.termux.nix/files/home/pick-up-nix2/vendor/external/asciinema-scenario for CRQ-016
[feature/CRQ-016-nixify-workflow 3244f7e] feat(asciinema-scenario): CRQ-016 - Standardize flake.nix from template
 1 file changed, 7 insertions(+), 7 deletions(-)
Commit successful for CRQ-016 in vendor/external/asciinema-scenario.
Pushing changes...
Renaming origin to upstream.
--- Finished asciinema-scenario ---

All submodules have been committed and pushed.
Finished processing vendor/external/asciinema-scenario
Checking submodule: vendor/external/bitchat-solana-zos-solfunmeme
No flake.nix found in vendor/external/bitchat-solana-zos-solfunmeme. Skipping.
Checking submodule: vendor/external/bootstrap
No flake.nix found in vendor/external/bootstrap. Skipping.
Checking submodule: vendor/external/bootstrap-meme
No flake.nix found in vendor/external/bootstrap-meme. Skipping.
Checking submodule: vendor/external/coccinelleforrust_personal_mirror
No flake.nix found in vendor/external/coccinelleforrust_personal_mirror. Skipping.
Checking submodule: vendor/external/emojis-rs
No flake.nix found in vendor/external/emojis-rs. Skipping.
Checking submodule: vendor/external/forgejo-python
No flake.nix found in vendor/external/forgejo-python. Skipping.
Checking submodule: vendor/external/gemini-cli
No flake.nix found in vendor/external/gemini-cli. Skipping.
Checking submodule: vendor/external/github-issues-export-rs
No flake.nix found in vendor/external/github-issues-export-rs. Skipping.
Checking submodule: vendor/external/grok-cli
No flake.nix found in vendor/external/grok-cli. Skipping.
Checking submodule: vendor/external/hugging-face-dataset-validator-rust
No flake.nix found in vendor/external/hugging-face-dataset-validator-rust. Skipping.
Checking submodule: vendor/external/introspector-llc
No flake.nix found in vendor/external/introspector-llc. Skipping.
Checking submodule: vendor/external/meta-meme
No flake.nix found in vendor/external/meta-meme. Skipping.
Checking submodule: vendor/external/minizinc-introspector
No flake.nix found in vendor/external/minizinc-introspector. Skipping.
Checking submodule: vendor/external/monomcp-rust
No flake.nix found in vendor/external/monomcp-rust. Skipping.
Checking submodule: vendor/external/n00b
No flake.nix found in vendor/external/n00b. Skipping.
Checking submodule: vendor/external/nix-asciinema-agg
Found flake.nix in vendor/external/nix-asciinema-agg. Processing...
Found the following submodules to process: vendor/external/nix-asciinema-agg
--- Processing nix-asciinema-agg at vendor/external/nix-asciinema-agg ---
Branch feature/CRQ-016-nixify-workflow does not exist. Creating and checking it out.
Committing changes in /data/data/com.termux.nix/files/home/pick-up-nix2/vendor/external/nix-asciinema-agg for CRQ-016
[feature/CRQ-016-nixify-workflow dadcab1] feat(nix-asciinema-agg): CRQ-016 - Standardize flake.nix from template
 2 files changed, 2 insertions(+), 2 deletions(-)
Commit successful for CRQ-016 in vendor/external/nix-asciinema-agg.
Pushing changes...
Renaming origin to upstream.
--- Finished nix-asciinema-agg ---

All submodules have been committed and pushed.
Finished processing vendor/external/nix-asciinema-agg
Checking submodule: vendor/external/ragit
No flake.nix found in vendor/external/ragit. Skipping.
Checking submodule: vendor/external/rust
No flake.nix found in vendor/external/rust. Skipping.
Checking submodule: vendor/external/solfunmeme-banner
No flake.nix found in vendor/external/solfunmeme-banner. Skipping.
Checking submodule: vendor/external/solfunmeme-dioxus
No flake.nix found in vendor/external/solfunmeme-dioxus. Skipping.
Checking submodule: vendor/external/solfunmeme-metameme
No flake.nix found in vendor/external/solfunmeme-metameme. Skipping.
Checking submodule: vendor/external/solfunmeme-model-builder-quiz
No flake.nix found in vendor/external/solfunmeme-model-builder-quiz. Skipping.
Checking submodule: vendor/external/sophia_rs
No flake.nix found in vendor/external/sophia_rs. Skipping.
Checking submodule: vendor/external/tclifford
No flake.nix found in vendor/external/tclifford. Skipping.
Checking submodule: vendor/external/tmux
No flake.nix found in vendor/external/tmux. Skipping.
Checking submodule: vendor/external/tmux-interface-rs
No flake.nix found in vendor/external/tmux-interface-rs. Skipping.
Checking submodule: vendor/external/trident
No flake.nix found in vendor/external/trident. Skipping.
Checking submodule: vendor/external/turbomcp
No flake.nix found in vendor/external/turbomcp. Skipping.
Checking submodule: vendor/guix/guix
No flake.nix found in vendor/guix/guix. Skipping.
Checking submodule: vendor/guix/mes
No flake.nix found in vendor/guix/mes. Skipping.
Checking submodule: vendor/hooks/rusty-hook
No flake.nix found in vendor/hooks/rusty-hook. Skipping.
Checking submodule: vendor/hooks/shebling
No flake.nix found in vendor/hooks/shebling. Skipping.
Checking submodule: vendor/hooks/shellcheck-precommit
No flake.nix found in vendor/hooks/shellcheck-precommit. Skipping.
Checking submodule: vendor/lang-c
No flake.nix found in vendor/lang-c. Skipping.
Checking submodule: vendor/lint/cachix-git-hooks.nix
Found flake.nix in vendor/lint/cachix-git-hooks.nix. Processing...
Found the following submodules to process: vendor/lint/cachix-git-hooks.nix
--- Processing cachix-git-hooks.nix at vendor/lint/cachix-git-hooks.nix ---
Branch feature/CRQ-016-nixify-workflow does not exist. Creating and checking it out.
Committing changes in /data/data/com.termux.nix/files/home/pick-up-nix2/vendor/lint/cachix-git-hooks.nix for CRQ-016
[feature/CRQ-016-nixify-workflow 54cdf0c] feat(cachix-git-hooks.nix): CRQ-016 - Standardize flake.nix from template
 2 files changed, 6 insertions(+), 6 deletions(-)
Commit successful for CRQ-016 in vendor/lint/cachix-git-hooks.nix.
Pushing changes...
Renaming origin to upstream.
Creating fork...
Finished processing vendor/lint/cachix-git-hooks.nix
Checking submodule: vendor/lint/git-hooks.nix
Found flake.nix in vendor/lint/git-hooks.nix. Processing...
Found the following submodules to process: vendor/lint/git-hooks.nix
--- Processing git-hooks.nix at vendor/lint/git-hooks.nix ---
Branch feature/CRQ-016-nixify-workflow does not exist. Creating and checking it out.
Committing changes in /data/data/com.termux.nix/files/home/pick-up-nix2/vendor/lint/git-hooks.nix for CRQ-016
[feature/CRQ-016-nixify-workflow e85a324] feat(git-hooks.nix): CRQ-016 - Standardize flake.nix from template
 2 files changed, 6 insertions(+), 6 deletions(-)
Commit successful for CRQ-016 in vendor/lint/git-hooks.nix.
Pushing changes...
Renaming origin to upstream.
--- Finished git-hooks.nix ---

All submodules have been committed and pushed.
Finished processing vendor/lint/git-hooks.nix
Checking submodule: vendor/lint/shellcheck
No flake.nix found in vendor/lint/shellcheck. Skipping.
Checking submodule: vendor/mkAIDerivation
Found flake.nix in vendor/mkAIDerivation. Processing...
Found the following submodules to process: vendor/mkAIDerivation
--- Processing mkAIDerivation at vendor/mkAIDerivation ---
Branch feature/CRQ-016-nixify-workflow does not exist. Creating and checking it out.
Committing changes in /data/data/com.termux.nix/files/home/pick-up-nix2/vendor/mkAIDerivation for CRQ-016
[feature/CRQ-016-nixify-workflow 244926d] feat(mkAIDerivation): CRQ-016 - Standardize flake.nix from template
 1 file changed, 1 insertion(+), 1 deletion(-)
Commit successful for CRQ-016 in vendor/mkAIDerivation.
Pushing changes...
Finished processing vendor/mkAIDerivation
Checking submodule: vendor/nix-on-droid
Found flake.nix in vendor/nix-on-droid. Processing...
Found the following submodules to process: vendor/nix-on-droid
--- Processing nix-on-droid at vendor/nix-on-droid ---
Branch feature/CRQ-016-nixify-workflow does not exist. Creating and checking it out.
Committing changes in /data/data/com.termux.nix/files/home/pick-up-nix2/vendor/nix-on-droid for CRQ-016
[feature/CRQ-016-nixify-workflow 09458a7] feat(nix-on-droid): CRQ-016 - Standardize flake.nix from template
 4 files changed, 13 insertions(+), 13 deletions(-)
Commit successful for CRQ-016 in vendor/nix-on-droid.
Pushing changes...
Renaming origin to upstream.
--- Finished nix-on-droid ---

All submodules have been committed and pushed.
Finished processing vendor/nix-on-droid
Checking submodule: vendor/nix/flake-utils
Found flake.nix in vendor/nix/flake-utils. Processing...
Found the following submodules to process: vendor/nix/flake-utils
--- Processing flake-utils at vendor/nix/flake-utils ---
Branch feature/CRQ-016-nixify-workflow does not exist. Creating and checking it out.
Committing changes in /data/data/com.termux.nix/files/home/pick-up-nix2/vendor/nix/flake-utils for CRQ-016
[feature/CRQ-016-nixify-workflow b6e5456] feat(flake-utils): CRQ-016 - Standardize flake.nix from template
 3 files changed, 3 insertions(+), 3 deletions(-)
Commit successful for CRQ-016 in vendor/nix/flake-utils.
Pushing changes...
--- Finished flake-utils ---

All submodules have been committed and pushed.
Finished processing vendor/nix/flake-utils
Checking submodule: vendor/nix/nil
Found flake.nix in vendor/nix/nil. Processing...
Found the following submodules to process: vendor/nix/nil
--- Processing nil at vendor/nix/nil ---
Branch feature/CRQ-016-nixify-workflow already exists. Checking it out.
M	crates/nix-interop/tests/nixpkgs_revs/flake.nix
M	crates/nix-interop/tests/test_flake/flake.nix
M	external_rust_packages/flake.nix
M	external_rust_packages/nixpacks/flake.nix
M	external_rust_packages/rust-cargo-workspaces-binary/flake.nix
M	external_rust_packages/rust-cargo-workspaces-glob-binary/flake.nix
M	external_rust_packages/rust-cargo-workspaces-glob-library/flake.nix
M	external_rust_packages/rust-cargo-workspaces-glob/flake.nix
M	external_rust_packages/rust-cargo-workspaces-library/flake.nix
M	external_rust_packages/rust-cargo-workspaces/flake.nix
M	external_rust_packages/rust-custom-toolchain/flake.nix
M	external_rust_packages/rust-custom-version/flake.nix
M	external_rust_packages/rust-multiple-bins/flake.nix
M	flake.nix
Committing changes in /data/data/com.termux.nix/files/home/pick-up-nix2/vendor/nix/nil for CRQ-016
[feature/CRQ-016-nixify-workflow c85b1d4] feat(nil): CRQ-016 - Standardize flake.nix from template
 14 files changed, 29 insertions(+), 29 deletions(-)
Commit successful for CRQ-016 in vendor/nix/nil.
Pushing changes...
--- Finished nil ---

All submodules have been committed and pushed.
Finished processing vendor/nix/nil
Checking submodule: vendor/nix/nix
Found flake.nix in vendor/nix/nix. Processing...
Found the following submodules to process: vendor/nix/nix
--- Processing nix at vendor/nix/nix ---
Branch feature/CRQ-016-nixify-workflow already exists. Checking it out.
M	flake.nix
Committing changes in /data/data/com.termux.nix/files/home/pick-up-nix2/vendor/nix/nix for CRQ-016
[feature/CRQ-016-nixify-workflow 7ec97a7db] feat(nix): CRQ-016 - Standardize flake.nix from template
 1 file changed, 2 insertions(+), 2 deletions(-)
Commit successful for CRQ-016 in vendor/nix/nix.
Pushing changes...
--- Finished nix ---

All submodules have been committed and pushed.
Finished processing vendor/nix/nix
Checking submodule: vendor/nix/nix-config-merger
No flake.nix found in vendor/nix/nix-config-merger. Skipping.
Checking submodule: vendor/nix/nix-direnv
Found flake.nix in vendor/nix/nix-direnv. Processing...
Found the following submodules to process: vendor/nix/nix-direnv
--- Processing nix-direnv at vendor/nix/nix-direnv ---
Branch feature/CRQ-016-nixify-workflow already exists. Checking it out.
M	flake.nix
M	templates/flake/flake.nix
M	tests/testenv/flake.nix
Committing changes in /data/data/com.termux.nix/files/home/pick-up-nix2/vendor/nix/nix-direnv for CRQ-016
[feature/CRQ-016-nixify-workflow 807f88a] feat(nix-direnv): CRQ-016 - Standardize flake.nix from template
 3 files changed, 7 insertions(+), 7 deletions(-)
Commit successful for CRQ-016 in vendor/nix/nix-direnv.
Pushing changes...
--- Finished nix-direnv ---

All submodules have been committed and pushed.
Finished processing vendor/nix/nix-direnv
Checking submodule: vendor/nix/nix-files-comparator
No flake.nix found in vendor/nix/nix-files-comparator. Skipping.
Checking submodule: vendor/nix/nixpacks
Found flake.nix in vendor/nix/nixpacks. Processing...
Found the following submodules to process: vendor/nix/nixpacks
--- Processing nixpacks at vendor/nix/nixpacks ---
Branch feature/CRQ-016-nixify-workflow already exists. Checking it out.
M	flake.nix
Your branch is up to date with 'origin/feature/CRQ-016-nixify-workflow'.
Committing changes in /data/data/com.termux.nix/files/home/pick-up-nix2/vendor/nix/nixpacks for CRQ-016
[feature/CRQ-016-nixify-workflow 782001f] feat(nixpacks): CRQ-016 - Standardize flake.nix from template
 1 file changed, 2 insertions(+), 2 deletions(-)
Commit successful for CRQ-016 in vendor/nix/nixpacks.
Pushing changes...
Finished processing vendor/nix/nixpacks
Checking submodule: vendor/nix/nixpkgs-lint
Found flake.nix in vendor/nix/nixpkgs-lint. Processing...
Found the following submodules to process: vendor/nix/nixpkgs-lint
--- Processing nixpkgs-lint at vendor/nix/nixpkgs-lint ---
Branch feature/CRQ-016-nixify-workflow already exists. Checking it out.
M	flake.nix
Committing changes in /data/data/com.termux.nix/files/home/pick-up-nix2/vendor/nix/nixpkgs-lint for CRQ-016
[feature/CRQ-016-nixify-workflow a42160c] feat(nixpkgs-lint): CRQ-016 - Standardize flake.nix from template
 1 file changed, 2 insertions(+), 2 deletions(-)
Commit successful for CRQ-016 in vendor/nix/nixpkgs-lint.
Pushing changes...
--- Finished nixpkgs-lint ---

All submodules have been committed and pushed.
Finished processing vendor/nix/nixpkgs-lint
Checking submodule: vendor/nix/nixtract
Found flake.nix in vendor/nix/nixtract. Processing...
Found the following submodules to process: vendor/nix/nixtract
--- Processing nixtract at vendor/nix/nixtract ---
Branch feature/CRQ-016-nixify-workflow already exists. Checking it out.
Committing changes in /data/data/com.termux.nix/files/home/pick-up-nix2/vendor/nix/nixtract for CRQ-016
No changes to commit.
Commit successful for CRQ-016 in vendor/nix/nixtract.
Pushing changes...
--- Finished nixtract ---

All submodules have been committed and pushed.
Finished processing vendor/nix/nixtract
Checking submodule: vendor/nix/renix
Found flake.nix in vendor/nix/renix. Processing...
Found the following submodules to process: vendor/nix/renix
--- Processing renix at vendor/nix/renix ---
Branch feature/CRQ-016-nixify-workflow already exists. Checking it out.
M	flake.nix
Committing changes in /data/data/com.termux.nix/files/home/pick-up-nix2/vendor/nix/renix for CRQ-016
[feature/CRQ-016-nixify-workflow 8aeaaa9] feat(renix): CRQ-016 - Standardize flake.nix from template
 1 file changed, 2 insertions(+), 2 deletions(-)
Commit successful for CRQ-016 in vendor/nix/renix.
Pushing changes...
--- Finished renix ---

All submodules have been committed and pushed.
Finished processing vendor/nix/renix
Checking submodule: vendor/nix/rnix-parser-tester
Found flake.nix in vendor/nix/rnix-parser-tester. Processing...
Found the following submodules to process: vendor/nix/rnix-parser-tester
--- Processing rnix-parser-tester at vendor/nix/rnix-parser-tester ---
Branch feature/CRQ-016-nixify-workflow already exists. Checking it out.
M	flake.nix
Committing changes in /data/data/com.termux.nix/files/home/pick-up-nix2/vendor/nix/rnix-parser-tester for CRQ-016
[feature/CRQ-016-nixify-workflow e251565] feat(rnix-parser-tester): CRQ-016 - Standardize flake.nix from template
 1 file changed, 2 insertions(+), 2 deletions(-)
Commit successful for CRQ-016 in vendor/nix/rnix-parser-tester.
Pushing changes...
--- Finished rnix-parser-tester ---

All submodules have been committed and pushed.
Finished processing vendor/nix/rnix-parser-tester
Checking submodule: vendor/nix/tvix
No flake.nix found in vendor/nix/tvix. Skipping.
Checking submodule: vendor/nixpkgs
Found flake.nix in vendor/nixpkgs. Processing...
Found the following submodules to process: vendor/nixpkgs
--- Processing nixpkgs at vendor/nixpkgs ---
Branch feature/CRQ-016-nixify-workflow does not exist. Creating and checking it out.
Committing changes in /data/data/com.termux.nix/files/home/pick-up-nix2/vendor/nixpkgs for CRQ-016
No changes to commit.
Commit successful for CRQ-016 in vendor/nixpkgs.
Pushing changes...
--- Finished nixpkgs ---

All submodules have been committed and pushed.
Finished processing vendor/nixpkgs
Checking submodule: vendor/plantuml-stdlib/C4-PlantUML
No flake.nix found in vendor/plantuml-stdlib/C4-PlantUML. Skipping.
Checking submodule: vendor/rnix-parser
Found flake.nix in vendor/rnix-parser. Processing...
Found the following submodules to process: vendor/rnix-parser
--- Processing rnix-parser at vendor/rnix-parser ---
Branch feature/CRQ-016-nixify-workflow does not exist. Creating and checking it out.
Committing changes in /data/data/com.termux.nix/files/home/pick-up-nix2/vendor/rnix-parser for CRQ-016
[feature/CRQ-016-nixify-workflow a9b2afe] feat(rnix-parser): CRQ-016 - Standardize flake.nix from template
 1 file changed, 3 insertions(+), 3 deletions(-)
Commit successful for CRQ-016 in vendor/rnix-parser.
Pushing changes...
Renaming origin to upstream.
--- Finished rnix-parser ---

All submodules have been committed and pushed.
Finished processing vendor/rnix-parser
Checking submodule: vendor/rust-index-guix
No flake.nix found in vendor/rust-index-guix. Skipping.
Checking submodule: vendor/steel
Found flake.nix in vendor/steel. Processing...
Found the following submodules to process: vendor/steel
--- Processing steel at vendor/steel ---
Branch feature/CRQ-016-nixify-workflow does not exist. Creating and checking it out.
Committing changes in /data/data/com.termux.nix/files/home/pick-up-nix2/vendor/steel for CRQ-016
[feature/CRQ-016-nixify-workflow 473c78b5] feat(steel): CRQ-016 - Standardize flake.nix from template
 1 file changed, 5 insertions(+), 5 deletions(-)
Commit successful for CRQ-016 in vendor/steel.
Pushing changes...
Renaming origin to upstream.
Finished processing vendor/steel
Checking submodule: vendor/strace/dutchcoders-trace
No flake.nix found in vendor/strace/dutchcoders-trace. Skipping.
Checking submodule: vendor/strace/intentrace
No flake.nix found in vendor/strace/intentrace. Skipping.
Checking submodule: vendor/strace/lurk
No flake.nix found in vendor/strace/lurk. Skipping.
Checking submodule: vendor/strace/rstrace
No flake.nix found in vendor/strace/rstrace. Skipping.
Checking submodule: vendor/tools/detect-duplicates
Found flake.nix in vendor/tools/detect-duplicates. Processing...
Found the following submodules to process: vendor/tools/detect-duplicates
--- Processing detect-duplicates at vendor/tools/detect-duplicates ---
Branch feature/CRQ-016-nixify-workflow does not exist. Creating and checking it out.
Committing changes in /data/data/com.termux.nix/files/home/pick-up-nix2/vendor/tools/detect-duplicates for CRQ-016
No changes to commit.
Commit successful for CRQ-016 in vendor/tools/detect-duplicates.
Pushing changes...
Creating fork...
--- Finished detect-duplicates ---

All submodules have been committed and pushed.
Finished processing vendor/tools/detect-duplicates
Finished submodule flake processing at Sun Sep 21 03:51:04 AM UTC 2025
Starting submodule flake processing at Sun Sep 21 04:02:11 AM UTC 2025
Checking submodule: .github/actions/cache
No flake.nix found in .github/actions/cache. Skipping.
Checking submodule: .github/actions/cache-nix-action
Found flake.nix in .github/actions/cache-nix-action. Processing...
Found the following submodules to process: .github/actions/cache-nix-action
--- Processing cache-nix-action at .github/actions/cache-nix-action ---
Branch feature/CRQ-016-nixify-workflow already exists. Checking it out.
Committing changes in /data/data/com.termux.nix/files/home/pick-up-nix2/.github/actions/cache-nix-action for CRQ-016
No changes to commit.
Commit successful for CRQ-016 in .github/actions/cache-nix-action.
Pushing changes...
--- Finished cache-nix-action ---

All submodules have been committed and pushed.
Finished processing .github/actions/cache-nix-action
Checking submodule: .github/actions/cache-nix-action/deps/actions/toolkit
No flake.nix found in .github/actions/cache-nix-action/deps/actions/toolkit. Skipping.
Checking submodule: .github/actions/cache-nix-action/deps/buildjet/toolkit
No flake.nix found in .github/actions/cache-nix-action/deps/buildjet/toolkit. Skipping.
Checking submodule: .github/actions/checkout
No flake.nix found in .github/actions/checkout. Skipping.
Checking submodule: .github/actions/install-nix-action
No flake.nix found in .github/actions/install-nix-action. Skipping.
Checking submodule: .github/actions/nix-github-actions
Found flake.nix in .github/actions/nix-github-actions. Processing...
Found the following submodules to process: .github/actions/nix-github-actions
--- Processing nix-github-actions at .github/actions/nix-github-actions ---
Branch feature/CRQ-016-nixify-workflow already exists. Checking it out.
Committing changes in /data/data/com.termux.nix/files/home/pick-up-nix2/.github/actions/nix-github-actions for CRQ-016
No changes to commit.
Commit successful for CRQ-016 in .github/actions/nix-github-actions.
Pushing changes...
--- Finished nix-github-actions ---

All submodules have been committed and pushed.
Finished processing .github/actions/nix-github-actions
Checking submodule: .github/actions/nix-installer-action
Found flake.nix in .github/actions/nix-installer-action. Processing...
Found the following submodules to process: .github/actions/nix-installer-action
--- Processing nix-installer-action at .github/actions/nix-installer-action ---
Branch feature/CRQ-016-nixify-workflow already exists. Checking it out.
Committing changes in /data/data/com.termux.nix/files/home/pick-up-nix2/.github/actions/nix-installer-action for CRQ-016
No changes to commit.
Commit successful for CRQ-016 in .github/actions/nix-installer-action.
Pushing changes...
--- Finished nix-installer-action ---

All submodules have been committed and pushed.
Finished processing .github/actions/nix-installer-action
Checking submodule: .github/actions/upload-artifact
No flake.nix found in .github/actions/upload-artifact. Skipping.
Checking submodule: nixpacks
Found flake.nix in nixpacks. Processing...
Found the following submodules to process: nixpacks
--- Processing nixpacks at nixpacks ---
Branch feature/CRQ-016-nixify-workflow already exists. Checking it out.
Committing changes in /data/data/com.termux.nix/files/home/pick-up-nix2/nixpacks for CRQ-016
No changes to commit.
Commit successful for CRQ-016 in nixpacks.
Pushing changes...
--- Finished nixpacks ---

All submodules have been committed and pushed.
Finished processing nixpacks
Checking submodule: source/github/jmikedupont2/orgs/Escaped-RDFa/namespace
Found flake.nix in source/github/jmikedupont2/orgs/Escaped-RDFa/namespace. Processing...
Found the following submodules to process: source/github/jmikedupont2/orgs/Escaped-RDFa/namespace
--- Processing namespace at source/github/jmikedupont2/orgs/Escaped-RDFa/namespace ---
Branch feature/CRQ-016-nixify-workflow already exists. Checking it out.
Committing changes in /data/data/com.termux.nix/files/home/pick-up-nix2/source/github/jmikedupont2/orgs/Escaped-RDFa/namespace for CRQ-016
No changes to commit.
Commit successful for CRQ-016 in source/github/jmikedupont2/orgs/Escaped-RDFa/namespace.
Pushing changes...
Renaming origin to upstream.
Finished processing source/github/jmikedupont2/orgs/Escaped-RDFa/namespace
Checking submodule: source/github/meta-introspector/git-submodule-tools-rs
No flake.nix found in source/github/meta-introspector/git-submodule-tools-rs. Skipping.
Checking submodule: source/github/meta-introspector/git-submodule-tools-rs/vendor/cargo_metadata
No flake.nix found in source/github/meta-introspector/git-submodule-tools-rs/vendor/cargo_metadata. Skipping.
Checking submodule: source/github/meta-introspector/git-submodule-tools-rs/vendor/meta-introspector/meta-meme
No flake.nix found in source/github/meta-introspector/git-submodule-tools-rs/vendor/meta-introspector/meta-meme. Skipping.
Checking submodule: source/github/meta-introspector/git-submodule-tools-rs/vendor/meta-introspector/meta-meme.wiki
No flake.nix found in source/github/meta-introspector/git-submodule-tools-rs/vendor/meta-introspector/meta-meme.wiki. Skipping.
Checking submodule: source/github/meta-introspector/git-submodule-tools-rs/vendor/meta-introspector/mkAIDerivation
Found flake.nix in source/github/meta-introspector/git-submodule-tools-rs/vendor/meta-introspector/mkAIDerivation. Processing...
Found the following submodules to process: source/github/meta-introspector/git-submodule-tools-rs/vendor/meta-introspector/mkAIDerivation
--- Processing mkAIDerivation at source/github/meta-introspector/git-submodule-tools-rs/vendor/meta-introspector/mkAIDerivation ---
Branch feature/CRQ-016-nixify-workflow already exists. Checking it out.
Committing changes in /data/data/com.termux.nix/files/home/pick-up-nix2/source/github/meta-introspector/git-submodule-tools-rs/vendor/meta-introspector/mkAIDerivation for CRQ-016
No changes to commit.
Commit successful for CRQ-016 in source/github/meta-introspector/git-submodule-tools-rs/vendor/meta-introspector/mkAIDerivation.
Pushing changes...
--- Finished mkAIDerivation ---

All submodules have been committed and pushed.
Finished processing source/github/meta-introspector/git-submodule-tools-rs/vendor/meta-introspector/mkAIDerivation
Checking submodule: source/github/meta-introspector/git-submodule-tools-rs/vendor/octocrab
No flake.nix found in source/github/meta-introspector/git-submodule-tools-rs/vendor/octocrab. Skipping.
Checking submodule: source/github/meta-introspector/git-submodule-tools-rs/vendor/zola
No flake.nix found in source/github/meta-introspector/git-submodule-tools-rs/vendor/zola. Skipping.
Checking submodule: source/github/meta-introspector/git-submodule-tools-rs/vendor/zola/components/config/sublime/syntaxes/Packages
No flake.nix found in source/github/meta-introspector/git-submodule-tools-rs/vendor/zola/components/config/sublime/syntaxes/Packages. Skipping.
Checking submodule: source/github/meta-introspector/git-submodule-tools-rs/vendor/zola/components/config/sublime/syntaxes/extra/Docker.tmbundle
No flake.nix found in source/github/meta-introspector/git-submodule-tools-rs/vendor/zola/components/config/sublime/syntaxes/extra/Docker.tmbundle. Skipping.
Checking submodule: source/github/meta-introspector/git-submodule-tools-rs/vendor/zola/components/config/sublime/syntaxes/extra/GDScript-sublime
No flake.nix found in source/github/meta-introspector/git-submodule-tools-rs/vendor/zola/components/config/sublime/syntaxes/extra/GDScript-sublime. Skipping.
Checking submodule: source/github/meta-introspector/git-submodule-tools-rs/vendor/zola/components/config/sublime/syntaxes/extra/GraphQL-SublimeText3
No flake.nix found in source/github/meta-introspector/git-submodule-tools-rs/vendor/zola/components/config/sublime/syntaxes/extra/GraphQL-SublimeText3. Skipping.
Checking submodule: source/github/meta-introspector/git-submodule-tools-rs/vendor/zola/components/config/sublime/syntaxes/extra/Julia-sublime
No flake.nix found in source/github/meta-introspector/git-submodule-tools-rs/vendor/zola/components/config/sublime/syntaxes/extra/Julia-sublime. Skipping.
Checking submodule: source/github/meta-introspector/git-submodule-tools-rs/vendor/zola/components/config/sublime/syntaxes/extra/LESS-sublime
No flake.nix found in source/github/meta-introspector/git-submodule-tools-rs/vendor/zola/components/config/sublime/syntaxes/extra/LESS-sublime. Skipping.
Checking submodule: source/github/meta-introspector/git-submodule-tools-rs/vendor/zola/components/config/sublime/syntaxes/extra/Sublime-CMakeLists
No flake.nix found in source/github/meta-introspector/git-submodule-tools-rs/vendor/zola/components/config/sublime/syntaxes/extra/Sublime-CMakeLists. Skipping.
Checking submodule: source/github/meta-introspector/git-submodule-tools-rs/vendor/zola/components/config/sublime/syntaxes/extra/Sublime-GenericConfig
No flake.nix found in source/github/meta-introspector/git-submodule-tools-rs/vendor/zola/components/config/sublime/syntaxes/extra/Sublime-GenericConfig. Skipping.
Checking submodule: source/github/meta-introspector/git-submodule-tools-rs/vendor/zola/components/config/sublime/syntaxes/extra/SublimeElmLanguageSupport
No flake.nix found in source/github/meta-introspector/git-submodule-tools-rs/vendor/zola/components/config/sublime/syntaxes/extra/SublimeElmLanguageSupport. Skipping.
Checking submodule: source/github/meta-introspector/git-submodule-tools-rs/vendor/zola/components/config/sublime/syntaxes/extra/SublimeFortran
No flake.nix found in source/github/meta-introspector/git-submodule-tools-rs/vendor/zola/components/config/sublime/syntaxes/extra/SublimeFortran. Skipping.
Checking submodule: source/github/meta-introspector/git-submodule-tools-rs/vendor/zola/components/config/sublime/syntaxes/extra/SublimeSass
No flake.nix found in source/github/meta-introspector/git-submodule-tools-rs/vendor/zola/components/config/sublime/syntaxes/extra/SublimeSass. Skipping.
Checking submodule: source/github/meta-introspector/git-submodule-tools-rs/vendor/zola/components/config/sublime/syntaxes/extra/SublimeTextLinkerSyntax
No flake.nix found in source/github/meta-introspector/git-submodule-tools-rs/vendor/zola/components/config/sublime/syntaxes/extra/SublimeTextLinkerSyntax. Skipping.
Checking submodule: source/github/meta-introspector/git-submodule-tools-rs/vendor/zola/components/config/sublime/syntaxes/extra/awk-sublime
No flake.nix found in source/github/meta-introspector/git-submodule-tools-rs/vendor/zola/components/config/sublime/syntaxes/extra/awk-sublime. Skipping.
Checking submodule: source/github/meta-introspector/git-submodule-tools-rs/vendor/zola/components/config/sublime/syntaxes/extra/elixir-sublime-syntax
No flake.nix found in source/github/meta-introspector/git-submodule-tools-rs/vendor/zola/components/config/sublime/syntaxes/extra/elixir-sublime-syntax. Skipping.
Checking submodule: source/github/meta-introspector/git-submodule-tools-rs/vendor/zola/components/config/sublime/syntaxes/extra/protobuf-syntax-highlighting
No flake.nix found in source/github/meta-introspector/git-submodule-tools-rs/vendor/zola/components/config/sublime/syntaxes/extra/protobuf-syntax-highlighting. Skipping.
Checking submodule: source/github/meta-introspector/git-submodule-tools-rs/vendor/zola/components/config/sublime/syntaxes/extra/sublime-clojure
No flake.nix found in source/github/meta-introspector/git-submodule-tools-rs/vendor/zola/components/config/sublime/syntaxes/extra/sublime-clojure. Skipping.
Checking submodule: source/github/meta-introspector/git-submodule-tools-rs/vendor/zola/components/config/sublime/syntaxes/extra/sublime-fish
No flake.nix found in source/github/meta-introspector/git-submodule-tools-rs/vendor/zola/components/config/sublime/syntaxes/extra/sublime-fish. Skipping.
Checking submodule: source/github/meta-introspector/git-submodule-tools-rs/vendor/zola/components/config/sublime/syntaxes/extra/sublime-glsl
No flake.nix found in source/github/meta-introspector/git-submodule-tools-rs/vendor/zola/components/config/sublime/syntaxes/extra/sublime-glsl. Skipping.
Checking submodule: source/github/meta-introspector/git-submodule-tools-rs/vendor/zola/components/config/sublime/syntaxes/extra/sublime-jinja2
No flake.nix found in source/github/meta-introspector/git-submodule-tools-rs/vendor/zola/components/config/sublime/syntaxes/extra/sublime-jinja2. Skipping.
Checking submodule: source/github/meta-introspector/git-submodule-tools-rs/vendor/zola/components/config/sublime/syntaxes/extra/sublime-purescript-syntax
No flake.nix found in source/github/meta-introspector/git-submodule-tools-rs/vendor/zola/components/config/sublime/syntaxes/extra/sublime-purescript-syntax. Skipping.
Checking submodule: source/github/meta-introspector/git-submodule-tools-rs/vendor/zola/components/config/sublime/syntaxes/extra/sublime-zig-language
No flake.nix found in source/github/meta-introspector/git-submodule-tools-rs/vendor/zola/components/config/sublime/syntaxes/extra/sublime-zig-language. Skipping.
Checking submodule: source/github/meta-introspector/git-submodule-tools-rs/vendor/zola/components/config/sublime/syntaxes/extra/sublime_toml_highlighting
No flake.nix found in source/github/meta-introspector/git-submodule-tools-rs/vendor/zola/components/config/sublime/syntaxes/extra/sublime_toml_highlighting. Skipping.
Checking submodule: source/github/meta-introspector/git-submodule-tools-rs/vendor/zola/components/config/sublime/syntaxes/extra/sublimetext-fsharp
No flake.nix found in source/github/meta-introspector/git-submodule-tools-rs/vendor/zola/components/config/sublime/syntaxes/extra/sublimetext-fsharp. Skipping.
Checking submodule: source/github/meta-introspector/git-submodule-tools-rs/vendor/zola/components/config/sublime/syntaxes/extra/vue-syntax-highlight
No flake.nix found in source/github/meta-introspector/git-submodule-tools-rs/vendor/zola/components/config/sublime/syntaxes/extra/vue-syntax-highlight. Skipping.
Checking submodule: source/github/meta-introspector/git-submodules-rs-nix
Found flake.nix in source/github/meta-introspector/git-submodules-rs-nix. Processing...
Found the following submodules to process: source/github/meta-introspector/git-submodules-rs-nix
--- Processing git-submodules-rs-nix at source/github/meta-introspector/git-submodules-rs-nix ---
Branch feature/CRQ-016-nixify-workflow already exists. Checking it out.
M	naersk
Committing changes in /data/data/com.termux.nix/files/home/pick-up-nix2/source/github/meta-introspector/git-submodules-rs-nix for CRQ-016
[feature/CRQ-016-nixify-workflow 82dda3f] feat(git-submodules-rs-nix): CRQ-016 - Standardize flake.nix from template
 1 file changed, 1 insertion(+), 1 deletion(-)
Commit successful for CRQ-016 in source/github/meta-introspector/git-submodules-rs-nix.
Pushing changes...
--- Finished git-submodules-rs-nix ---

All submodules have been committed and pushed.
Finished processing source/github/meta-introspector/git-submodules-rs-nix
Checking submodule: source/github/meta-introspector/git-submodules-rs-nix/.emacs.d/nix-magit
Found flake.nix in source/github/meta-introspector/git-submodules-rs-nix/.emacs.d/nix-magit. Processing...
Found the following submodules to process: source/github/meta-introspector/git-submodules-rs-nix/.emacs.d/nix-magit
--- Processing nix-magit at source/github/meta-introspector/git-submodules-rs-nix/.emacs.d/nix-magit ---
Branch feature/CRQ-016-nixify-workflow already exists. Checking it out.
Committing changes in /data/data/com.termux.nix/files/home/pick-up-nix2/source/github/meta-introspector/git-submodules-rs-nix/.emacs.d/nix-magit for CRQ-016
No changes to commit.
Commit successful for CRQ-016 in source/github/meta-introspector/git-submodules-rs-nix/.emacs.d/nix-magit.
Pushing changes...
--- Finished nix-magit ---

All submodules have been committed and pushed.
Finished processing source/github/meta-introspector/git-submodules-rs-nix/.emacs.d/nix-magit
Checking submodule: source/github/meta-introspector/git-submodules-rs-nix/.emacs.d/terlar-emacs-config
Found flake.nix in source/github/meta-introspector/git-submodules-rs-nix/.emacs.d/terlar-emacs-config. Processing...
Found the following submodules to process: source/github/meta-introspector/git-submodules-rs-nix/.emacs.d/terlar-emacs-config
--- Processing terlar-emacs-config at source/github/meta-introspector/git-submodules-rs-nix/.emacs.d/terlar-emacs-config ---
Branch feature/CRQ-016-nixify-workflow already exists. Checking it out.
Committing changes in /data/data/com.termux.nix/files/home/pick-up-nix2/source/github/meta-introspector/git-submodules-rs-nix/.emacs.d/terlar-emacs-config for CRQ-016
No changes to commit.
Commit successful for CRQ-016 in source/github/meta-introspector/git-submodules-rs-nix/.emacs.d/terlar-emacs-config.
Pushing changes...
Creating fork...
Finished processing source/github/meta-introspector/git-submodules-rs-nix/.emacs.d/terlar-emacs-config
Checking submodule: source/github/meta-introspector/git-submodules-rs-nix/git-submodule-tools
No flake.nix found in source/github/meta-introspector/git-submodules-rs-nix/git-submodule-tools. Skipping.
Checking submodule: source/github/meta-introspector/git-submodules-rs-nix/gitoxide
No flake.nix found in source/github/meta-introspector/git-submodules-rs-nix/gitoxide. Skipping.
Checking submodule: source/github/meta-introspector/git-submodules-rs-nix/magoo
No flake.nix found in source/github/meta-introspector/git-submodules-rs-nix/magoo. Skipping.
Checking submodule: source/github/meta-introspector/git-submodules-rs-nix/naersk
Found flake.nix in source/github/meta-introspector/git-submodules-rs-nix/naersk. Processing...
Found the following submodules to process: source/github/meta-introspector/git-submodules-rs-nix/naersk
--- Processing naersk at source/github/meta-introspector/git-submodules-rs-nix/naersk ---
Branch feature/CRQ-016-nixify-workflow already exists. Checking it out.
Committing changes in /data/data/com.termux.nix/files/home/pick-up-nix2/source/github/meta-introspector/git-submodules-rs-nix/naersk for CRQ-016
No changes to commit.
Commit successful for CRQ-016 in source/github/meta-introspector/git-submodules-rs-nix/naersk.
Pushing changes...
--- Finished naersk ---

All submodules have been committed and pushed.
Finished processing source/github/meta-introspector/git-submodules-rs-nix/naersk
Checking submodule: source/github/meta-introspector/git-submodules-rs-nix/qa/templates/incident
No flake.nix found in source/github/meta-introspector/git-submodules-rs-nix/qa/templates/incident. Skipping.
Checking submodule: source/github/meta-introspector/git-submodules-rs-nix/sources/LukeMathWalker/cargo-manifest
No flake.nix found in source/github/meta-introspector/git-submodules-rs-nix/sources/LukeMathWalker/cargo-manifest. Skipping.
Checking submodule: source/github/meta-introspector/git-submodules-rs-nix/sources/infinyon/cargo-cvm
No flake.nix found in source/github/meta-introspector/git-submodules-rs-nix/sources/infinyon/cargo-cvm. Skipping.
Checking submodule: source/github/meta-introspector/git-submodules-rs-nix/sources/ironthree/cargoman
No flake.nix found in source/github/meta-introspector/git-submodules-rs-nix/sources/ironthree/cargoman. Skipping.
Checking submodule: source/github/meta-introspector/git-submodules-rs-nix/sources/meta-introspector/MoCoPr
No flake.nix found in source/github/meta-introspector/git-submodules-rs-nix/sources/meta-introspector/MoCoPr. Skipping.
Checking submodule: source/github/meta-introspector/git-submodules-rs-nix/sources/meta-introspector/mcp-attr
No flake.nix found in source/github/meta-introspector/git-submodules-rs-nix/sources/meta-introspector/mcp-attr. Skipping.
Checking submodule: source/github/meta-introspector/git-submodules-rs-nix/sources/meta-introspector/mcp-attr/external/modelcontextprotocol-specification
No flake.nix found in source/github/meta-introspector/git-submodules-rs-nix/sources/meta-introspector/mcp-attr/external/modelcontextprotocol-specification. Skipping.
Checking submodule: source/github/meta-introspector/git-submodules-rs-nix/sources/meta-introspector/mcp-discovery
No flake.nix found in source/github/meta-introspector/git-submodules-rs-nix/sources/meta-introspector/mcp-discovery. Skipping.
Checking submodule: source/github/meta-introspector/git-submodules-rs-nix/sources/meta-introspector/memkb-mcp-rust
No flake.nix found in source/github/meta-introspector/git-submodules-rs-nix/sources/meta-introspector/memkb-mcp-rust. Skipping.
Checking submodule: source/github/meta-introspector/git-submodules-rs-nix/sources/meta-introspector/monomcp-rust
No flake.nix found in source/github/meta-introspector/git-submodules-rs-nix/sources/meta-introspector/monomcp-rust. Skipping.
Checking submodule: source/github/meta-introspector/git-submodules-rs-nix/sources/meta-introspector/monomcp-rust/monomcp/MoCoPr
No flake.nix found in source/github/meta-introspector/git-submodules-rs-nix/sources/meta-introspector/monomcp-rust/monomcp/MoCoPr. Skipping.
Checking submodule: source/github/meta-introspector/git-submodules-rs-nix/sources/meta-introspector/monomcp-rust/monomcp/agentic
No flake.nix found in source/github/meta-introspector/git-submodules-rs-nix/sources/meta-introspector/monomcp-rust/monomcp/agentic. Skipping.
Checking submodule: source/github/meta-introspector/git-submodules-rs-nix/sources/meta-introspector/monomcp-rust/monomcp/generative_modular_forms
No flake.nix found in source/github/meta-introspector/git-submodules-rs-nix/sources/meta-introspector/monomcp-rust/monomcp/generative_modular_forms. Skipping.
Checking submodule: source/github/meta-introspector/git-submodules-rs-nix/sources/meta-introspector/monomcp-rust/monomcp/mcp-attr
No flake.nix found in source/github/meta-introspector/git-submodules-rs-nix/sources/meta-introspector/monomcp-rust/monomcp/mcp-attr. Skipping.
Checking submodule: source/github/meta-introspector/git-submodules-rs-nix/sources/meta-introspector/monomcp-rust/monomcp/mcp-attr/external/modelcontextprotocol-specification
No flake.nix found in source/github/meta-introspector/git-submodules-rs-nix/sources/meta-introspector/monomcp-rust/monomcp/mcp-attr/external/modelcontextprotocol-specification. Skipping.
Checking submodule: source/github/meta-introspector/git-submodules-rs-nix/sources/meta-introspector/monomcp-rust/monomcp/mcp-discovery
No flake.nix found in source/github/meta-introspector/git-submodules-rs-nix/sources/meta-introspector/monomcp-rust/monomcp/mcp-discovery. Skipping.
Checking submodule: source/github/meta-introspector/git-submodules-rs-nix/sources/meta-introspector/monomcp-rust/monomcp/memkb-mcp-rust
No flake.nix found in source/github/meta-introspector/git-submodules-rs-nix/sources/meta-introspector/monomcp-rust/monomcp/memkb-mcp-rust. Skipping.
Checking submodule: source/github/meta-introspector/git-submodules-rs-nix/sources/meta-introspector/monomcp-rust/monomcp/paiml-mcp-agent-toolkit
No flake.nix found in source/github/meta-introspector/git-submodules-rs-nix/sources/meta-introspector/monomcp-rust/monomcp/paiml-mcp-agent-toolkit. Skipping.
Checking submodule: source/github/meta-introspector/git-submodules-rs-nix/sources/meta-introspector/monomcp-rust/monomcp/ramparts
No flake.nix found in source/github/meta-introspector/git-submodules-rs-nix/sources/meta-introspector/monomcp-rust/monomcp/ramparts. Skipping.
Checking submodule: source/github/meta-introspector/git-submodules-rs-nix/sources/meta-introspector/monomcp-rust/monomcp/rmcp-agent
No flake.nix found in source/github/meta-introspector/git-submodules-rs-nix/sources/meta-introspector/monomcp-rust/monomcp/rmcp-agent. Skipping.
Checking submodule: source/github/meta-introspector/git-submodules-rs-nix/sources/meta-introspector/monomcp-rust/monomcp/rust-mcp-filesystem
No flake.nix found in source/github/meta-introspector/git-submodules-rs-nix/sources/meta-introspector/monomcp-rust/monomcp/rust-mcp-filesystem. Skipping.
Checking submodule: source/github/meta-introspector/git-submodules-rs-nix/sources/meta-introspector/monomcp-rust/monomcp/rust-mcp-sdk
No flake.nix found in source/github/meta-introspector/git-submodules-rs-nix/sources/meta-introspector/monomcp-rust/monomcp/rust-mcp-sdk. Skipping.
Checking submodule: source/github/meta-introspector/git-submodules-rs-nix/sources/meta-introspector/monomcp-rust/monomcp/simd-kernels
No flake.nix found in source/github/meta-introspector/git-submodules-rs-nix/sources/meta-introspector/monomcp-rust/monomcp/simd-kernels. Skipping.
Checking submodule: source/github/meta-introspector/git-submodules-rs-nix/sources/meta-introspector/monomcp-rust/monomcp/siumai
No flake.nix found in source/github/meta-introspector/git-submodules-rs-nix/sources/meta-introspector/monomcp-rust/monomcp/siumai. Skipping.
Checking submodule: source/github/meta-introspector/git-submodules-rs-nix/sources/meta-introspector/monomcp-rust/monomcp/turbomcp
No flake.nix found in source/github/meta-introspector/git-submodules-rs-nix/sources/meta-introspector/monomcp-rust/monomcp/turbomcp. Skipping.
Checking submodule: source/github/meta-introspector/git-submodules-rs-nix/sources/meta-introspector/monomcp-rust/monomcp/vendor/ar_archive_writer
No flake.nix found in source/github/meta-introspector/git-submodules-rs-nix/sources/meta-introspector/monomcp-rust/monomcp/vendor/ar_archive_writer. Skipping.
Checking submodule: source/github/meta-introspector/git-submodules-rs-nix/sources/meta-introspector/monomcp-rust/monomcp/vendor/arrow-rs
No flake.nix found in source/github/meta-introspector/git-submodules-rs-nix/sources/meta-introspector/monomcp-rust/monomcp/vendor/arrow-rs. Skipping.
Checking submodule: source/github/meta-introspector/git-submodules-rs-nix/sources/meta-introspector/monomcp-rust/monomcp/vendor/arrow-rs/parquet-testing
No flake.nix found in source/github/meta-introspector/git-submodules-rs-nix/sources/meta-introspector/monomcp-rust/monomcp/vendor/arrow-rs/parquet-testing. Skipping.
Checking submodule: source/github/meta-introspector/git-submodules-rs-nix/sources/meta-introspector/monomcp-rust/monomcp/vendor/arrow-rs/testing
No flake.nix found in source/github/meta-introspector/git-submodules-rs-nix/sources/meta-introspector/monomcp-rust/monomcp/vendor/arrow-rs/testing. Skipping.
Checking submodule: source/github/meta-introspector/git-submodules-rs-nix/sources/meta-introspector/monomcp-rust/monomcp/vendor/cargo-platform
No flake.nix found in source/github/meta-introspector/git-submodules-rs-nix/sources/meta-introspector/monomcp-rust/monomcp/vendor/cargo-platform. Skipping.
Checking submodule: source/github/meta-introspector/git-submodules-rs-nix/sources/meta-introspector/monomcp-rust/monomcp/vendor/cargo-rust-lang
No flake.nix found in source/github/meta-introspector/git-submodules-rs-nix/sources/meta-introspector/monomcp-rust/monomcp/vendor/cargo-rust-lang. Skipping.
Checking submodule: source/github/meta-introspector/git-submodules-rs-nix/sources/meta-introspector/monomcp-rust/monomcp/vendor/hugging-face-dataset-validator-rust
No flake.nix found in source/github/meta-introspector/git-submodules-rs-nix/sources/meta-introspector/monomcp-rust/monomcp/vendor/hugging-face-dataset-validator-rust. Skipping.
Checking submodule: source/github/meta-introspector/git-submodules-rs-nix/sources/meta-introspector/monomcp-rust/monomcp/vendor/rustc-stable-hash
No flake.nix found in source/github/meta-introspector/git-submodules-rs-nix/sources/meta-introspector/monomcp-rust/monomcp/vendor/rustc-stable-hash. Skipping.
Checking submodule: source/github/meta-introspector/git-submodules-rs-nix/sources/meta-introspector/monomcp-rust/monomcp/vendor/smallvec
No flake.nix found in source/github/meta-introspector/git-submodules-rs-nix/sources/meta-introspector/monomcp-rust/monomcp/vendor/smallvec. Skipping.
Checking submodule: source/github/meta-introspector/git-submodules-rs-nix/sources/meta-introspector/monomcp-rust/monomcp/vendor/tracing-vendor/tracing
No flake.nix found in source/github/meta-introspector/git-submodules-rs-nix/sources/meta-introspector/monomcp-rust/monomcp/vendor/tracing-vendor/tracing. Skipping.
Checking submodule: source/github/meta-introspector/git-submodules-rs-nix/sources/meta-introspector/paiml-mcp-agent-toolkit
No flake.nix found in source/github/meta-introspector/git-submodules-rs-nix/sources/meta-introspector/paiml-mcp-agent-toolkit. Skipping.
Checking submodule: source/github/meta-introspector/git-submodules-rs-nix/sources/meta-introspector/ramparts
No flake.nix found in source/github/meta-introspector/git-submodules-rs-nix/sources/meta-introspector/ramparts. Skipping.
Checking submodule: source/github/meta-introspector/git-submodules-rs-nix/sources/meta-introspector/rmcp-agent
No flake.nix found in source/github/meta-introspector/git-submodules-rs-nix/sources/meta-introspector/rmcp-agent. Skipping.
Checking submodule: source/github/meta-introspector/git-submodules-rs-nix/sources/meta-introspector/rust-mcp-filesystem
No flake.nix found in source/github/meta-introspector/git-submodules-rs-nix/sources/meta-introspector/rust-mcp-filesystem. Skipping.
Checking submodule: source/github/meta-introspector/git-submodules-rs-nix/sources/meta-introspector/rust-mcp-sdk
No flake.nix found in source/github/meta-introspector/git-submodules-rs-nix/sources/meta-introspector/rust-mcp-sdk. Skipping.
Checking submodule: source/github/meta-introspector/git-submodules-rs-nix/sources/meta-introspector/turbomcp
No flake.nix found in source/github/meta-introspector/git-submodules-rs-nix/sources/meta-introspector/turbomcp. Skipping.
Checking submodule: source/github/meta-introspector/git-submodules-rs-nix/sources/simensgreen/cargo-incvec
No flake.nix found in source/github/meta-introspector/git-submodules-rs-nix/sources/simensgreen/cargo-incvec. Skipping.
Checking submodule: source/github/meta-introspector/git-submodules-rs-nix/submod
No flake.nix found in source/github/meta-introspector/git-submodules-rs-nix/submod. Skipping.
Checking submodule: source/github/meta-introspector/git-submodules-rs-nix/tools/tool-template
No flake.nix found in source/github/meta-introspector/git-submodules-rs-nix/tools/tool-template. Skipping.
Checking submodule: source/github/meta-introspector/git-submodules-rs-nix/tools/wikidata
No flake.nix found in source/github/meta-introspector/git-submodules-rs-nix/tools/wikidata. Skipping.
Checking submodule: source/github/meta-introspector/git-submodules-rs-nix/tools/wikidata/prelude
No flake.nix found in source/github/meta-introspector/git-submodules-rs-nix/tools/wikidata/prelude. Skipping.
Checking submodule: source/github/meta-introspector/hackathon
No flake.nix found in source/github/meta-introspector/hackathon. Skipping.
Checking submodule: source/github/meta-introspector/introspector-llc
No flake.nix found in source/github/meta-introspector/introspector-llc. Skipping.
Checking submodule: source/github/meta-introspector/lattice-introspector
No flake.nix found in source/github/meta-introspector/lattice-introspector. Skipping.
Checking submodule: source/github/meta-introspector/lattice-introspector/data
No flake.nix found in source/github/meta-introspector/lattice-introspector/data. Skipping.
Checking submodule: source/github/meta-introspector/lattice-introspector/vendor/DaoFP
No flake.nix found in source/github/meta-introspector/lattice-introspector/vendor/DaoFP. Skipping.
Checking submodule: source/github/meta-introspector/lattice-introspector/vendor/abi_stable_crates
No flake.nix found in source/github/meta-introspector/lattice-introspector/vendor/abi_stable_crates. Skipping.
Checking submodule: source/github/meta-introspector/lattice-introspector/vendor/ai-agent-terraform
No flake.nix found in source/github/meta-introspector/lattice-introspector/vendor/ai-agent-terraform. Skipping.
Checking submodule: source/github/meta-introspector/lattice-introspector/vendor/aichat
No flake.nix found in source/github/meta-introspector/lattice-introspector/vendor/aichat. Skipping.
Checking submodule: source/github/meta-introspector/lattice-introspector/vendor/aichat/oauth_review/r-google-oauth2
No flake.nix found in source/github/meta-introspector/lattice-introspector/vendor/aichat/oauth_review/r-google-oauth2. Skipping.
Checking submodule: source/github/meta-introspector/lattice-introspector/vendor/aichat/oauth_review/rs-gapi-oauth
No flake.nix found in source/github/meta-introspector/lattice-introspector/vendor/aichat/oauth_review/rs-gapi-oauth. Skipping.
Checking submodule: source/github/meta-introspector/lattice-introspector/vendor/bootstrap
No flake.nix found in source/github/meta-introspector/lattice-introspector/vendor/bootstrap. Skipping.
Checking submodule: source/github/meta-introspector/lattice-introspector/vendor/copper
No flake.nix found in source/github/meta-introspector/lattice-introspector/vendor/copper. Skipping.
Checking submodule: source/github/meta-introspector/lattice-introspector/vendor/cranelift
No flake.nix found in source/github/meta-introspector/lattice-introspector/vendor/cranelift. Skipping.
Checking submodule: source/github/meta-introspector/lattice-introspector/vendor/cranelift/tests/component-model
No flake.nix found in source/github/meta-introspector/lattice-introspector/vendor/cranelift/tests/component-model. Skipping.
Checking submodule: source/github/meta-introspector/lattice-introspector/vendor/cranelift/tests/spec_testsuite
No flake.nix found in source/github/meta-introspector/lattice-introspector/vendor/cranelift/tests/spec_testsuite. Skipping.
Checking submodule: source/github/meta-introspector/lattice-introspector/vendor/cranelift/tests/wasi_testsuite/wasi-common
No flake.nix found in source/github/meta-introspector/lattice-introspector/vendor/cranelift/tests/wasi_testsuite/wasi-common. Skipping.
Checking submodule: source/github/meta-introspector/lattice-introspector/vendor/cranelift/tests/wasi_testsuite/wasi-threads
No flake.nix found in source/github/meta-introspector/lattice-introspector/vendor/cranelift/tests/wasi_testsuite/wasi-threads. Skipping.
Checking submodule: source/github/meta-introspector/lattice-introspector/vendor/gen-mod-form
No flake.nix found in source/github/meta-introspector/lattice-introspector/vendor/gen-mod-form. Skipping.
Checking submodule: source/github/meta-introspector/lattice-introspector/vendor/grok-cli
No flake.nix found in source/github/meta-introspector/lattice-introspector/vendor/grok-cli. Skipping.
Checking submodule: source/github/meta-introspector/lattice-introspector/vendor/hugging-face-dataset-validator-rust
No flake.nix found in source/github/meta-introspector/lattice-introspector/vendor/hugging-face-dataset-validator-rust. Skipping.
Checking submodule: source/github/meta-introspector/lattice-introspector/vendor/intel-mkl-src
No flake.nix found in source/github/meta-introspector/lattice-introspector/vendor/intel-mkl-src. Skipping.
Checking submodule: source/github/meta-introspector/lattice-introspector/vendor/libminizinc
No flake.nix found in source/github/meta-introspector/lattice-introspector/vendor/libminizinc. Skipping.
Checking submodule: source/github/meta-introspector/lattice-introspector/vendor/memkb-mcp-rust
No flake.nix found in source/github/meta-introspector/lattice-introspector/vendor/memkb-mcp-rust. Skipping.
Checking submodule: source/github/meta-introspector/lattice-introspector/vendor/monomcp-rust
No flake.nix found in source/github/meta-introspector/lattice-introspector/vendor/monomcp-rust. Skipping.
Checking submodule: source/github/meta-introspector/lattice-introspector/vendor/monomcp-rust/monomcp/MoCoPr
No flake.nix found in source/github/meta-introspector/lattice-introspector/vendor/monomcp-rust/monomcp/MoCoPr. Skipping.
Checking submodule: source/github/meta-introspector/lattice-introspector/vendor/monomcp-rust/monomcp/agentic
No flake.nix found in source/github/meta-introspector/lattice-introspector/vendor/monomcp-rust/monomcp/agentic. Skipping.
Checking submodule: source/github/meta-introspector/lattice-introspector/vendor/monomcp-rust/monomcp/generative_modular_forms
No flake.nix found in source/github/meta-introspector/lattice-introspector/vendor/monomcp-rust/monomcp/generative_modular_forms. Skipping.
Checking submodule: source/github/meta-introspector/lattice-introspector/vendor/monomcp-rust/monomcp/mcp-attr
No flake.nix found in source/github/meta-introspector/lattice-introspector/vendor/monomcp-rust/monomcp/mcp-attr. Skipping.
Checking submodule: source/github/meta-introspector/lattice-introspector/vendor/monomcp-rust/monomcp/mcp-discovery
No flake.nix found in source/github/meta-introspector/lattice-introspector/vendor/monomcp-rust/monomcp/mcp-discovery. Skipping.
Checking submodule: source/github/meta-introspector/lattice-introspector/vendor/monomcp-rust/monomcp/memkb-mcp-rust
No flake.nix found in source/github/meta-introspector/lattice-introspector/vendor/monomcp-rust/monomcp/memkb-mcp-rust. Skipping.
Checking submodule: source/github/meta-introspector/lattice-introspector/vendor/monomcp-rust/monomcp/paiml-mcp-agent-toolkit
No flake.nix found in source/github/meta-introspector/lattice-introspector/vendor/monomcp-rust/monomcp/paiml-mcp-agent-toolkit. Skipping.
Checking submodule: source/github/meta-introspector/lattice-introspector/vendor/monomcp-rust/monomcp/ramparts
No flake.nix found in source/github/meta-introspector/lattice-introspector/vendor/monomcp-rust/monomcp/ramparts. Skipping.
Checking submodule: source/github/meta-introspector/lattice-introspector/vendor/monomcp-rust/monomcp/rmcp-agent
No flake.nix found in source/github/meta-introspector/lattice-introspector/vendor/monomcp-rust/monomcp/rmcp-agent. Skipping.
Checking submodule: source/github/meta-introspector/lattice-introspector/vendor/monomcp-rust/monomcp/rust-mcp-filesystem
No flake.nix found in source/github/meta-introspector/lattice-introspector/vendor/monomcp-rust/monomcp/rust-mcp-filesystem. Skipping.
Checking submodule: source/github/meta-introspector/lattice-introspector/vendor/monomcp-rust/monomcp/rust-mcp-sdk
No flake.nix found in source/github/meta-introspector/lattice-introspector/vendor/monomcp-rust/monomcp/rust-mcp-sdk. Skipping.
Checking submodule: source/github/meta-introspector/lattice-introspector/vendor/monomcp-rust/monomcp/simd-kernels
No flake.nix found in source/github/meta-introspector/lattice-introspector/vendor/monomcp-rust/monomcp/simd-kernels. Skipping.
Checking submodule: source/github/meta-introspector/lattice-introspector/vendor/monomcp-rust/monomcp/siumai
No flake.nix found in source/github/meta-introspector/lattice-introspector/vendor/monomcp-rust/monomcp/siumai. Skipping.
Checking submodule: source/github/meta-introspector/lattice-introspector/vendor/monomcp-rust/monomcp/turbomcp
No flake.nix found in source/github/meta-introspector/lattice-introspector/vendor/monomcp-rust/monomcp/turbomcp. Skipping.
Checking submodule: source/github/meta-introspector/lattice-introspector/vendor/monomcp-rust/monomcp/vendor/ar_archive_writer
No flake.nix found in source/github/meta-introspector/lattice-introspector/vendor/monomcp-rust/monomcp/vendor/ar_archive_writer. Skipping.
Checking submodule: source/github/meta-introspector/lattice-introspector/vendor/monomcp-rust/monomcp/vendor/arrow-rs
No flake.nix found in source/github/meta-introspector/lattice-introspector/vendor/monomcp-rust/monomcp/vendor/arrow-rs. Skipping.
Checking submodule: source/github/meta-introspector/lattice-introspector/vendor/monomcp-rust/monomcp/vendor/cargo-platform
No flake.nix found in source/github/meta-introspector/lattice-introspector/vendor/monomcp-rust/monomcp/vendor/cargo-platform. Skipping.
Checking submodule: source/github/meta-introspector/lattice-introspector/vendor/ragit
No flake.nix found in source/github/meta-introspector/lattice-introspector/vendor/ragit. Skipping.
Checking submodule: source/github/meta-introspector/lattice-introspector/vendor/rust-smallvec
No flake.nix found in source/github/meta-introspector/lattice-introspector/vendor/rust-smallvec. Skipping.
Checking submodule: source/github/meta-introspector/lattice-introspector/vendor/rustc-stable-hash
No flake.nix found in source/github/meta-introspector/lattice-introspector/vendor/rustc-stable-hash. Skipping.
Checking submodule: source/github/meta-introspector/lattice-introspector/vendor/scirs
No flake.nix found in source/github/meta-introspector/lattice-introspector/vendor/scirs. Skipping.
Checking submodule: source/github/meta-introspector/lattice-introspector/vendor/simd-kernels
No flake.nix found in source/github/meta-introspector/lattice-introspector/vendor/simd-kernels. Skipping.
Checking submodule: source/github/meta-introspector/lattice-introspector/vendor/solfunmeme-dioxus
No flake.nix found in source/github/meta-introspector/lattice-introspector/vendor/solfunmeme-dioxus. Skipping.
Checking submodule: source/github/meta-introspector/lean4
Found flake.nix in source/github/meta-introspector/lean4. Processing...
Found the following submodules to process: source/github/meta-introspector/lean4
--- Processing lean4 at source/github/meta-introspector/lean4 ---
Branch feature/CRQ-016-nixify-workflow already exists. Checking it out.
Committing changes in /data/data/com.termux.nix/files/home/pick-up-nix2/source/github/meta-introspector/lean4 for CRQ-016
No changes to commit.
Commit successful for CRQ-016 in source/github/meta-introspector/lean4.
Pushing changes...
--- Finished lean4 ---

All submodules have been committed and pushed.
Finished processing source/github/meta-introspector/lean4
Checking submodule: source/github/meta-introspector/minizinc-introspector
No flake.nix found in source/github/meta-introspector/minizinc-introspector. Skipping.
Checking submodule: source/github/meta-introspector/neo
No flake.nix found in source/github/meta-introspector/neo. Skipping.
Checking submodule: source/github/meta-introspector/quasi-meta-meme
No flake.nix found in source/github/meta-introspector/quasi-meta-meme. Skipping.
Checking submodule: source/github/meta-introspector/ragit
No flake.nix found in source/github/meta-introspector/ragit. Skipping.
Checking submodule: source/github/meta-introspector/ragit/idx
No flake.nix found in source/github/meta-introspector/ragit/idx. Skipping.
Checking submodule: source/github/meta-introspector/ragit/index/solfunmeme-index
No flake.nix found in source/github/meta-introspector/ragit/index/solfunmeme-index. Skipping.
Checking submodule: source/github/meta-introspector/ragit/pilot-agent-cli
No flake.nix found in source/github/meta-introspector/ragit/pilot-agent-cli. Skipping.
Checking submodule: source/github/meta-introspector/ragit/spinoffs/model-builder-quiz
No flake.nix found in source/github/meta-introspector/ragit/spinoffs/model-builder-quiz. Skipping.
Checking submodule: source/github/meta-introspector/ragit/vendor/amazon-q-developer-cli
No flake.nix found in source/github/meta-introspector/ragit/vendor/amazon-q-developer-cli. Skipping.
Checking submodule: source/github/meta-introspector/ragit/vendor/amazon-q-developer-cli/vendor/gemini-cli
No flake.nix found in source/github/meta-introspector/ragit/vendor/amazon-q-developer-cli/vendor/gemini-cli. Skipping.
Checking submodule: source/github/meta-introspector/ragit/vendor/amazon-q-developer-cli/vendor/solfunmeme-dioxus
No flake.nix found in source/github/meta-introspector/ragit/vendor/amazon-q-developer-cli/vendor/solfunmeme-dioxus. Skipping.
Checking submodule: source/github/meta-introspector/ragit/vendor/amazon-q-developer-cli/vendor/solfunmeme-dioxus/bootstrap
No flake.nix found in source/github/meta-introspector/ragit/vendor/amazon-q-developer-cli/vendor/solfunmeme-dioxus/bootstrap. Skipping.
Checking submodule: source/github/meta-introspector/ragit/vendor/amazon-q-developer-cli/vendor/solfunmeme-dioxus/crates/task_manager
No flake.nix found in source/github/meta-introspector/ragit/vendor/amazon-q-developer-cli/vendor/solfunmeme-dioxus/crates/task_manager. Skipping.
Checking submodule: source/github/meta-introspector/ragit/vendor/amazon-q-developer-cli/vendor/solfunmeme-dioxus/hf_dataset
No flake.nix found in source/github/meta-introspector/ragit/vendor/amazon-q-developer-cli/vendor/solfunmeme-dioxus/hf_dataset. Skipping.
Checking submodule: source/github/meta-introspector/ragit/vendor/amazon-q-developer-cli/vendor/solfunmeme-dioxus/hg_datasets/microlean4
No flake.nix found in source/github/meta-introspector/ragit/vendor/amazon-q-developer-cli/vendor/solfunmeme-dioxus/hg_datasets/microlean4. Skipping.
Checking submodule: source/github/meta-introspector/ragit/vendor/amazon-q-developer-cli/vendor/solfunmeme-dioxus/vendor/axum
No flake.nix found in source/github/meta-introspector/ragit/vendor/amazon-q-developer-cli/vendor/solfunmeme-dioxus/vendor/axum. Skipping.
Checking submodule: source/github/meta-introspector/ragit/vendor/amazon-q-developer-cli/vendor/solfunmeme-dioxus/vendor/bm25
No flake.nix found in source/github/meta-introspector/ragit/vendor/amazon-q-developer-cli/vendor/solfunmeme-dioxus/vendor/bm25. Skipping.
Checking submodule: source/github/meta-introspector/ragit/vendor/amazon-q-developer-cli/vendor/solfunmeme-dioxus/vendor/candle
No flake.nix found in source/github/meta-introspector/ragit/vendor/amazon-q-developer-cli/vendor/solfunmeme-dioxus/vendor/candle. Skipping.
Checking submodule: source/github/meta-introspector/ragit/vendor/amazon-q-developer-cli/vendor/solfunmeme-dioxus/vendor/candle/candle-flash-attn/cutlass
No flake.nix found in source/github/meta-introspector/ragit/vendor/amazon-q-developer-cli/vendor/solfunmeme-dioxus/vendor/candle/candle-flash-attn/cutlass. Skipping.
Checking submodule: source/github/meta-introspector/ragit/vendor/amazon-q-developer-cli/vendor/solfunmeme-dioxus/vendor/dioxus-charts
No flake.nix found in source/github/meta-introspector/ragit/vendor/amazon-q-developer-cli/vendor/solfunmeme-dioxus/vendor/dioxus-charts. Skipping.
Checking submodule: source/github/meta-introspector/ragit/vendor/amazon-q-developer-cli/vendor/solfunmeme-dioxus/vendor/eliza-rs
No flake.nix found in source/github/meta-introspector/ragit/vendor/amazon-q-developer-cli/vendor/solfunmeme-dioxus/vendor/eliza-rs. Skipping.
Checking submodule: source/github/meta-introspector/ragit/vendor/amazon-q-developer-cli/vendor/solfunmeme-dioxus/vendor/fastembed-rs
Found flake.nix in source/github/meta-introspector/ragit/vendor/amazon-q-developer-cli/vendor/solfunmeme-dioxus/vendor/fastembed-rs. Processing...
Found the following submodules to process: source/github/meta-introspector/ragit/vendor/amazon-q-developer-cli/vendor/solfunmeme-dioxus/vendor/fastembed-rs
--- Processing fastembed-rs at source/github/meta-introspector/ragit/vendor/amazon-q-developer-cli/vendor/solfunmeme-dioxus/vendor/fastembed-rs ---
Branch feature/CRQ-016-nixify-workflow already exists. Checking it out.
Committing changes in /data/data/com.termux.nix/files/home/pick-up-nix2/source/github/meta-introspector/ragit/vendor/amazon-q-developer-cli/vendor/solfunmeme-dioxus/vendor/fastembed-rs for CRQ-016
No changes to commit.
Commit successful for CRQ-016 in source/github/meta-introspector/ragit/vendor/amazon-q-developer-cli/vendor/solfunmeme-dioxus/vendor/fastembed-rs.
Pushing changes...
--- Finished fastembed-rs ---

All submodules have been committed and pushed.
Finished processing source/github/meta-introspector/ragit/vendor/amazon-q-developer-cli/vendor/solfunmeme-dioxus/vendor/fastembed-rs
Checking submodule: source/github/meta-introspector/ragit/vendor/amazon-q-developer-cli/vendor/solfunmeme-dioxus/vendor/float-cmp
No flake.nix found in source/github/meta-introspector/ragit/vendor/amazon-q-developer-cli/vendor/solfunmeme-dioxus/vendor/float-cmp. Skipping.
Checking submodule: source/github/meta-introspector/ragit/vendor/amazon-q-developer-cli/vendor/solfunmeme-dioxus/vendor/gline-rs
No flake.nix found in source/github/meta-introspector/ragit/vendor/amazon-q-developer-cli/vendor/solfunmeme-dioxus/vendor/gline-rs. Skipping.
Checking submodule: source/github/meta-introspector/ragit/vendor/amazon-q-developer-cli/vendor/solfunmeme-dioxus/vendor/json-ld
No flake.nix found in source/github/meta-introspector/ragit/vendor/amazon-q-developer-cli/vendor/solfunmeme-dioxus/vendor/json-ld. Skipping.
Checking submodule: source/github/meta-introspector/ragit/vendor/amazon-q-developer-cli/vendor/solfunmeme-dioxus/vendor/json-ld/tests/json-ld-api
No flake.nix found in source/github/meta-introspector/ragit/vendor/amazon-q-developer-cli/vendor/solfunmeme-dioxus/vendor/json-ld/tests/json-ld-api. Skipping.
Checking submodule: source/github/meta-introspector/ragit/vendor/amazon-q-developer-cli/vendor/solfunmeme-dioxus/vendor/keyword-extraction-rs
No flake.nix found in source/github/meta-introspector/ragit/vendor/amazon-q-developer-cli/vendor/solfunmeme-dioxus/vendor/keyword-extraction-rs. Skipping.
Checking submodule: source/github/meta-introspector/ragit/vendor/amazon-q-developer-cli/vendor/solfunmeme-dioxus/vendor/layered-nlp
No flake.nix found in source/github/meta-introspector/ragit/vendor/amazon-q-developer-cli/vendor/solfunmeme-dioxus/vendor/layered-nlp. Skipping.
Checking submodule: source/github/meta-introspector/ragit/vendor/amazon-q-developer-cli/vendor/solfunmeme-dioxus/vendor/linfa
No flake.nix found in source/github/meta-introspector/ragit/vendor/amazon-q-developer-cli/vendor/solfunmeme-dioxus/vendor/linfa. Skipping.
Checking submodule: source/github/meta-introspector/ragit/vendor/amazon-q-developer-cli/vendor/solfunmeme-dioxus/vendor/llms-from-scratch-rs
No flake.nix found in source/github/meta-introspector/ragit/vendor/amazon-q-developer-cli/vendor/solfunmeme-dioxus/vendor/llms-from-scratch-rs. Skipping.
Checking submodule: source/github/meta-introspector/ragit/vendor/amazon-q-developer-cli/vendor/solfunmeme-dioxus/vendor/model2vec-rs
No flake.nix found in source/github/meta-introspector/ragit/vendor/amazon-q-developer-cli/vendor/solfunmeme-dioxus/vendor/model2vec-rs. Skipping.
Checking submodule: source/github/meta-introspector/ragit/vendor/amazon-q-developer-cli/vendor/solfunmeme-dioxus/vendor/orp
No flake.nix found in source/github/meta-introspector/ragit/vendor/amazon-q-developer-cli/vendor/solfunmeme-dioxus/vendor/orp. Skipping.
Checking submodule: source/github/meta-introspector/ragit/vendor/amazon-q-developer-cli/vendor/solfunmeme-dioxus/vendor/rhai
No flake.nix found in source/github/meta-introspector/ragit/vendor/amazon-q-developer-cli/vendor/solfunmeme-dioxus/vendor/rhai. Skipping.
Checking submodule: source/github/meta-introspector/ragit/vendor/amazon-q-developer-cli/vendor/solfunmeme-dioxus/vendor/rust-embed
No flake.nix found in source/github/meta-introspector/ragit/vendor/amazon-q-developer-cli/vendor/solfunmeme-dioxus/vendor/rust-embed. Skipping.
Checking submodule: source/github/meta-introspector/ragit/vendor/amazon-q-developer-cli/vendor/solfunmeme-dioxus/vendor/rust_libloading
No flake.nix found in source/github/meta-introspector/ragit/vendor/amazon-q-developer-cli/vendor/solfunmeme-dioxus/vendor/rust_libloading. Skipping.
Checking submodule: source/github/meta-introspector/ragit/vendor/amazon-q-developer-cli/vendor/solfunmeme-dioxus/vendor/solana-airdrop-service
No flake.nix found in source/github/meta-introspector/ragit/vendor/amazon-q-developer-cli/vendor/solfunmeme-dioxus/vendor/solana-airdrop-service. Skipping.
Checking submodule: source/github/meta-introspector/ragit/vendor/amazon-q-developer-cli/vendor/solfunmeme-dioxus/vendor/sophia_rs
No flake.nix found in source/github/meta-introspector/ragit/vendor/amazon-q-developer-cli/vendor/solfunmeme-dioxus/vendor/sophia_rs. Skipping.
Checking submodule: source/github/meta-introspector/ragit/vendor/amazon-q-developer-cli/vendor/solfunmeme-dioxus/vendor/steel
Found flake.nix in source/github/meta-introspector/ragit/vendor/amazon-q-developer-cli/vendor/solfunmeme-dioxus/vendor/steel. Processing...
Found the following submodules to process: source/github/meta-introspector/ragit/vendor/amazon-q-developer-cli/vendor/solfunmeme-dioxus/vendor/steel
--- Processing steel at source/github/meta-introspector/ragit/vendor/amazon-q-developer-cli/vendor/solfunmeme-dioxus/vendor/steel ---
Branch feature/CRQ-016-nixify-workflow already exists. Checking it out.
Committing changes in /data/data/com.termux.nix/files/home/pick-up-nix2/source/github/meta-introspector/ragit/vendor/amazon-q-developer-cli/vendor/solfunmeme-dioxus/vendor/steel for CRQ-016
No changes to commit.
Commit successful for CRQ-016 in source/github/meta-introspector/ragit/vendor/amazon-q-developer-cli/vendor/solfunmeme-dioxus/vendor/steel.
Pushing changes...
--- Finished steel ---

All submodules have been committed and pushed.
Finished processing source/github/meta-introspector/ragit/vendor/amazon-q-developer-cli/vendor/solfunmeme-dioxus/vendor/steel
Checking submodule: source/github/meta-introspector/ragit/vendor/amazon-q-developer-cli/vendor/solfunmeme-dioxus/vendor/tantivy
No flake.nix found in source/github/meta-introspector/ragit/vendor/amazon-q-developer-cli/vendor/solfunmeme-dioxus/vendor/tantivy. Skipping.
Checking submodule: source/github/meta-introspector/ragit/vendor/amazon-q-developer-cli/vendor/solfunmeme-dioxus/vendor/tclifford
No flake.nix found in source/github/meta-introspector/ragit/vendor/amazon-q-developer-cli/vendor/solfunmeme-dioxus/vendor/tclifford. Skipping.
Checking submodule: source/github/meta-introspector/ragit/vendor/amazon-q-developer-cli/vendor/solfunmeme-dioxus/vendor/tongrams-rs
No flake.nix found in source/github/meta-introspector/ragit/vendor/amazon-q-developer-cli/vendor/solfunmeme-dioxus/vendor/tongrams-rs. Skipping.
Checking submodule: source/github/meta-introspector/ragit/vendor/amazon-q-developer-cli/vendor/solfunmeme-dioxus/vendor/vaporetto
No flake.nix found in source/github/meta-introspector/ragit/vendor/amazon-q-developer-cli/vendor/solfunmeme-dioxus/vendor/vaporetto. Skipping.
Checking submodule: source/github/meta-introspector/ragit/vendor/amazon-q-developer-cli/vendor/solfunmeme-dioxus/vendor/vibrato
No flake.nix found in source/github/meta-introspector/ragit/vendor/amazon-q-developer-cli/vendor/solfunmeme-dioxus/vendor/vibrato. Skipping.
Checking submodule: source/github/meta-introspector/ragit/vendor/ask_gemini
No flake.nix found in source/github/meta-introspector/ragit/vendor/ask_gemini. Skipping.
Checking submodule: source/github/meta-introspector/ragit/vendor/askrepo
No flake.nix found in source/github/meta-introspector/ragit/vendor/askrepo. Skipping.
Checking submodule: source/github/meta-introspector/ragit/vendor/ast-grep
No flake.nix found in source/github/meta-introspector/ragit/vendor/ast-grep. Skipping.
Checking submodule: source/github/meta-introspector/ragit/vendor/coccinelleforrust
No flake.nix found in source/github/meta-introspector/ragit/vendor/coccinelleforrust. Skipping.
Checking submodule: source/github/meta-introspector/ragit/vendor/comby
No flake.nix found in source/github/meta-introspector/ragit/vendor/comby. Skipping.
Checking submodule: source/github/meta-introspector/ragit/vendor/comby-rust
No flake.nix found in source/github/meta-introspector/ragit/vendor/comby-rust. Skipping.
Checking submodule: source/github/meta-introspector/ragit/vendor/em-refactor
No flake.nix found in source/github/meta-introspector/ragit/vendor/em-refactor. Skipping.
Checking submodule: source/github/meta-introspector/ragit/vendor/extricrate
No flake.nix found in source/github/meta-introspector/ragit/vendor/extricrate. Skipping.
Checking submodule: source/github/meta-introspector/ragit/vendor/frustum
No flake.nix found in source/github/meta-introspector/ragit/vendor/frustum. Skipping.
Checking submodule: source/github/meta-introspector/ragit/vendor/google-ai-rs
No flake.nix found in source/github/meta-introspector/ragit/vendor/google-ai-rs. Skipping.
Checking submodule: source/github/meta-introspector/ragit/vendor/google-oauth
No flake.nix found in source/github/meta-introspector/ragit/vendor/google-oauth. Skipping.
Checking submodule: source/github/meta-introspector/ragit/vendor/llm
No flake.nix found in source/github/meta-introspector/ragit/vendor/llm. Skipping.
Checking submodule: source/github/meta-introspector/ragit/vendor/llmclient
No flake.nix found in source/github/meta-introspector/ragit/vendor/llmclient. Skipping.
Checking submodule: source/github/meta-introspector/ragit/vendor/meta-introspector/agave-solana-validator
No flake.nix found in source/github/meta-introspector/ragit/vendor/meta-introspector/agave-solana-validator. Skipping.
Checking submodule: source/github/meta-introspector/ragit/vendor/meta-introspector/ai-agent-terraform
No flake.nix found in source/github/meta-introspector/ragit/vendor/meta-introspector/ai-agent-terraform. Skipping.
Checking submodule: source/github/meta-introspector/ragit/vendor/meta-introspector/bootstrap
No flake.nix found in source/github/meta-introspector/ragit/vendor/meta-introspector/bootstrap. Skipping.
Checking submodule: source/github/meta-introspector/ragit/vendor/meta-introspector/hugging-face-dataset-validator-rust
No flake.nix found in source/github/meta-introspector/ragit/vendor/meta-introspector/hugging-face-dataset-validator-rust. Skipping.
Checking submodule: source/github/meta-introspector/ragit/vendor/meta-introspector/meta-meme
No flake.nix found in source/github/meta-introspector/ragit/vendor/meta-introspector/meta-meme. Skipping.
Checking submodule: source/github/meta-introspector/ragit/vendor/meta-introspector/quasi-meta-meme
No flake.nix found in source/github/meta-introspector/ragit/vendor/meta-introspector/quasi-meta-meme. Skipping.
Checking submodule: source/github/meta-introspector/ragit/vendor/meta-introspector/solfunmeme
No flake.nix found in source/github/meta-introspector/ragit/vendor/meta-introspector/solfunmeme. Skipping.
Checking submodule: source/github/meta-introspector/ragit/vendor/meta-introspector/solfunmeme-dioxus
No flake.nix found in source/github/meta-introspector/ragit/vendor/meta-introspector/solfunmeme-dioxus. Skipping.
Checking submodule: source/github/meta-introspector/ragit/vendor/mownstr
No flake.nix found in source/github/meta-introspector/ragit/vendor/mownstr. Skipping.
Checking submodule: source/github/meta-introspector/ragit/vendor/ploke
No flake.nix found in source/github/meta-introspector/ragit/vendor/ploke. Skipping.
Checking submodule: source/github/meta-introspector/ragit/vendor/refren
No flake.nix found in source/github/meta-introspector/ragit/vendor/refren. Skipping.
Checking submodule: source/github/meta-introspector/ragit/vendor/rem
No flake.nix found in source/github/meta-introspector/ragit/vendor/rem. Skipping.
Checking submodule: source/github/meta-introspector/ragit/vendor/rust-analyzer
No flake.nix found in source/github/meta-introspector/ragit/vendor/rust-analyzer. Skipping.
Checking submodule: source/github/meta-introspector/ragit/vendor/rust-clippy
No flake.nix found in source/github/meta-introspector/ragit/vendor/rust-clippy. Skipping.
Checking submodule: source/github/meta-introspector/ragit/vendor/rust-embed
No flake.nix found in source/github/meta-introspector/ragit/vendor/rust-embed. Skipping.
Checking submodule: source/github/meta-introspector/ragit/vendor/rust-refactor
No flake.nix found in source/github/meta-introspector/ragit/vendor/rust-refactor. Skipping.
Checking submodule: source/github/meta-introspector/ragit/vendor/scientisto
No flake.nix found in source/github/meta-introspector/ragit/vendor/scientisto. Skipping.
Checking submodule: source/github/meta-introspector/ragit/vendor/solfunmeme-metameme
No flake.nix found in source/github/meta-introspector/ragit/vendor/solfunmeme-metameme. Skipping.
Checking submodule: source/github/meta-introspector/ragit/vendor/sophia_rs
No flake.nix found in source/github/meta-introspector/ragit/vendor/sophia_rs. Skipping.
Checking submodule: source/github/meta-introspector/ragit/vendor/spacemod
No flake.nix found in source/github/meta-introspector/ragit/vendor/spacemod. Skipping.
Checking submodule: source/github/meta-introspector/ragit/vendor/tclifford
No flake.nix found in source/github/meta-introspector/ragit/vendor/tclifford. Skipping.
Checking submodule: source/github/meta-introspector/solfunmeme
Found flake.nix in source/github/meta-introspector/solfunmeme. Processing...
Found the following submodules to process: source/github/meta-introspector/solfunmeme
--- Processing solfunmeme at source/github/meta-introspector/solfunmeme ---
Branch feature/CRQ-016-nixify-workflow already exists. Checking it out.
Committing changes in /data/data/com.termux.nix/files/home/pick-up-nix2/source/github/meta-introspector/solfunmeme for CRQ-016
No changes to commit.
Commit successful for CRQ-016 in source/github/meta-introspector/solfunmeme.
Pushing changes...
--- Finished solfunmeme ---

All submodules have been committed and pushed.
Finished processing source/github/meta-introspector/solfunmeme
Checking submodule: source/github/meta-introspector/streamofrandom
No flake.nix found in source/github/meta-introspector/streamofrandom. Skipping.
Checking submodule: source/github/meta-introspector/streamofrandom/2025
No flake.nix found in source/github/meta-introspector/streamofrandom/2025. Skipping.
Checking submodule: source/github/meta-introspector/streamofrandom/vendor/elizaos-plugins/plugin-twitter
No flake.nix found in source/github/meta-introspector/streamofrandom/vendor/elizaos-plugins/plugin-twitter. Skipping.
Checking submodule: source/github/meta-introspector/streamofrandom/vendor/livestream-tiktok-plugin
No flake.nix found in source/github/meta-introspector/streamofrandom/vendor/livestream-tiktok-plugin. Skipping.
Checking submodule: source/github/meta-introspector/streamofrandom/vendor/twitter-plugin
No flake.nix found in source/github/meta-introspector/streamofrandom/vendor/twitter-plugin. Skipping.
Checking submodule: source/github/meta-introspector/time
Found flake.nix in source/github/meta-introspector/time. Processing...
Found the following submodules to process: source/github/meta-introspector/time
--- Processing time at source/github/meta-introspector/time ---
Branch feature/CRQ-016-nixify-workflow already exists. Checking it out.
Committing changes in /data/data/com.termux.nix/files/home/pick-up-nix2/source/github/meta-introspector/time for CRQ-016
No changes to commit.
Commit successful for CRQ-016 in source/github/meta-introspector/time.
Pushing changes...
--- Finished time ---

All submodules have been committed and pushed.
Finished processing source/github/meta-introspector/time
Checking submodule: vendor/ebpf/aya
No flake.nix found in vendor/ebpf/aya. Skipping.
Checking submodule: vendor/ebpf/bpfjit
No flake.nix found in vendor/ebpf/bpfjit. Skipping.
Checking submodule: vendor/ebpf/bpfman
No flake.nix found in vendor/ebpf/bpfman. Skipping.
Checking submodule: vendor/ebpf/clean-dns-bpf
No flake.nix found in vendor/ebpf/clean-dns-bpf. Skipping.
Checking submodule: vendor/ebpf/eadb
No flake.nix found in vendor/ebpf/eadb. Skipping.
Checking submodule: vendor/ebpf/ebpfguard
No flake.nix found in vendor/ebpf/ebpfguard. Skipping.
Checking submodule: vendor/ebpf/libbpf-rs
No flake.nix found in vendor/ebpf/libbpf-rs. Skipping.
Checking submodule: vendor/ebpf/rbpf
No flake.nix found in vendor/ebpf/rbpf. Skipping.
Checking submodule: vendor/external/amazon-q-developer-cli
No flake.nix found in vendor/external/amazon-q-developer-cli. Skipping.
Checking submodule: vendor/external/asciinema
Found flake.nix in vendor/external/asciinema. Processing...
Found the following submodules to process: vendor/external/asciinema
--- Processing asciinema at vendor/external/asciinema ---
Branch feature/CRQ-016-nixify-workflow already exists. Checking it out.
Committing changes in /data/data/com.termux.nix/files/home/pick-up-nix2/vendor/external/asciinema for CRQ-016
No changes to commit.
Commit successful for CRQ-016 in vendor/external/asciinema.
Pushing changes...
--- Finished asciinema ---

All submodules have been committed and pushed.
Finished processing vendor/external/asciinema
Checking submodule: vendor/external/asciinema-scenario
Found flake.nix in vendor/external/asciinema-scenario. Processing...
Found the following submodules to process: vendor/external/asciinema-scenario
--- Processing asciinema-scenario at vendor/external/asciinema-scenario ---
Branch feature/CRQ-016-nixify-workflow already exists. Checking it out.
Committing changes in /data/data/com.termux.nix/files/home/pick-up-nix2/vendor/external/asciinema-scenario for CRQ-016
No changes to commit.
Commit successful for CRQ-016 in vendor/external/asciinema-scenario.
Pushing changes...
--- Finished asciinema-scenario ---

All submodules have been committed and pushed.
Finished processing vendor/external/asciinema-scenario
Checking submodule: vendor/external/bitchat-solana-zos-solfunmeme
No flake.nix found in vendor/external/bitchat-solana-zos-solfunmeme. Skipping.
Checking submodule: vendor/external/bootstrap
No flake.nix found in vendor/external/bootstrap. Skipping.
Checking submodule: vendor/external/bootstrap-meme
No flake.nix found in vendor/external/bootstrap-meme. Skipping.
Checking submodule: vendor/external/coccinelleforrust_personal_mirror
No flake.nix found in vendor/external/coccinelleforrust_personal_mirror. Skipping.
Checking submodule: vendor/external/emojis-rs
No flake.nix found in vendor/external/emojis-rs. Skipping.
Checking submodule: vendor/external/forgejo-python
No flake.nix found in vendor/external/forgejo-python. Skipping.
Checking submodule: vendor/external/gemini-cli
No flake.nix found in vendor/external/gemini-cli. Skipping.
Checking submodule: vendor/external/github-issues-export-rs
No flake.nix found in vendor/external/github-issues-export-rs. Skipping.
Checking submodule: vendor/external/grok-cli
No flake.nix found in vendor/external/grok-cli. Skipping.
Checking submodule: vendor/external/hugging-face-dataset-validator-rust
No flake.nix found in vendor/external/hugging-face-dataset-validator-rust. Skipping.
Checking submodule: vendor/external/introspector-llc
No flake.nix found in vendor/external/introspector-llc. Skipping.
Checking submodule: vendor/external/meta-meme
No flake.nix found in vendor/external/meta-meme. Skipping.
Checking submodule: vendor/external/minizinc-introspector
No flake.nix found in vendor/external/minizinc-introspector. Skipping.
Checking submodule: vendor/external/monomcp-rust
No flake.nix found in vendor/external/monomcp-rust. Skipping.
Checking submodule: vendor/external/n00b
No flake.nix found in vendor/external/n00b. Skipping.
Checking submodule: vendor/external/nix-asciinema-agg
Found flake.nix in vendor/external/nix-asciinema-agg. Processing...
Found the following submodules to process: vendor/external/nix-asciinema-agg
--- Processing nix-asciinema-agg at vendor/external/nix-asciinema-agg ---
Branch feature/CRQ-016-nixify-workflow already exists. Checking it out.
Committing changes in /data/data/com.termux.nix/files/home/pick-up-nix2/vendor/external/nix-asciinema-agg for CRQ-016
No changes to commit.
Commit successful for CRQ-016 in vendor/external/nix-asciinema-agg.
Pushing changes...
--- Finished nix-asciinema-agg ---

All submodules have been committed and pushed.
Finished processing vendor/external/nix-asciinema-agg
Checking submodule: vendor/external/ragit
No flake.nix found in vendor/external/ragit. Skipping.
Checking submodule: vendor/external/rust
No flake.nix found in vendor/external/rust. Skipping.
Checking submodule: vendor/external/solfunmeme-banner
No flake.nix found in vendor/external/solfunmeme-banner. Skipping.
Checking submodule: vendor/external/solfunmeme-dioxus
No flake.nix found in vendor/external/solfunmeme-dioxus. Skipping.
Checking submodule: vendor/external/solfunmeme-metameme
No flake.nix found in vendor/external/solfunmeme-metameme. Skipping.
Checking submodule: vendor/external/solfunmeme-model-builder-quiz
No flake.nix found in vendor/external/solfunmeme-model-builder-quiz. Skipping.
Checking submodule: vendor/external/sophia_rs
No flake.nix found in vendor/external/sophia_rs. Skipping.
Checking submodule: vendor/external/tclifford
No flake.nix found in vendor/external/tclifford. Skipping.
Checking submodule: vendor/external/tmux
No flake.nix found in vendor/external/tmux. Skipping.
Checking submodule: vendor/external/tmux-interface-rs
No flake.nix found in vendor/external/tmux-interface-rs. Skipping.
Checking submodule: vendor/external/trident
No flake.nix found in vendor/external/trident. Skipping.
Checking submodule: vendor/external/turbomcp
No flake.nix found in vendor/external/turbomcp. Skipping.
Checking submodule: vendor/guix/guix
No flake.nix found in vendor/guix/guix. Skipping.
Checking submodule: vendor/guix/mes
No flake.nix found in vendor/guix/mes. Skipping.
Checking submodule: vendor/hooks/rusty-hook
No flake.nix found in vendor/hooks/rusty-hook. Skipping.
Checking submodule: vendor/hooks/shebling
No flake.nix found in vendor/hooks/shebling. Skipping.
Checking submodule: vendor/hooks/shellcheck-precommit
No flake.nix found in vendor/hooks/shellcheck-precommit. Skipping.
Checking submodule: vendor/lang-c
No flake.nix found in vendor/lang-c. Skipping.
Checking submodule: vendor/lint/cachix-git-hooks.nix
Found flake.nix in vendor/lint/cachix-git-hooks.nix. Processing...
Found the following submodules to process: vendor/lint/cachix-git-hooks.nix
--- Processing cachix-git-hooks.nix at vendor/lint/cachix-git-hooks.nix ---
Branch feature/CRQ-016-nixify-workflow already exists. Checking it out.
Committing changes in /data/data/com.termux.nix/files/home/pick-up-nix2/vendor/lint/cachix-git-hooks.nix for CRQ-016
No changes to commit.
Commit successful for CRQ-016 in vendor/lint/cachix-git-hooks.nix.
Pushing changes...
Creating fork...
Finished processing vendor/lint/cachix-git-hooks.nix
Checking submodule: vendor/lint/git-hooks.nix
Found flake.nix in vendor/lint/git-hooks.nix. Processing...
Found the following submodules to process: vendor/lint/git-hooks.nix
--- Processing git-hooks.nix at vendor/lint/git-hooks.nix ---
Branch feature/CRQ-016-nixify-workflow already exists. Checking it out.
Committing changes in /data/data/com.termux.nix/files/home/pick-up-nix2/vendor/lint/git-hooks.nix for CRQ-016
No changes to commit.
Commit successful for CRQ-016 in vendor/lint/git-hooks.nix.
Pushing changes...
--- Finished git-hooks.nix ---

All submodules have been committed and pushed.
Finished processing vendor/lint/git-hooks.nix
Checking submodule: vendor/lint/shellcheck
No flake.nix found in vendor/lint/shellcheck. Skipping.
Checking submodule: vendor/mkAIDerivation
Found flake.nix in vendor/mkAIDerivation. Processing...
Found the following submodules to process: vendor/mkAIDerivation
--- Processing mkAIDerivation at vendor/mkAIDerivation ---
Branch feature/CRQ-016-nixify-workflow already exists. Checking it out.
Committing changes in /data/data/com.termux.nix/files/home/pick-up-nix2/vendor/mkAIDerivation for CRQ-016
No changes to commit.
Commit successful for CRQ-016 in vendor/mkAIDerivation.
Pushing changes...
Current branch feature/CRQ-016-nixify-workflow is up to date.
Finished processing vendor/mkAIDerivation
Checking submodule: vendor/nix-on-droid
Found flake.nix in vendor/nix-on-droid. Processing...
Found the following submodules to process: vendor/nix-on-droid
--- Processing nix-on-droid at vendor/nix-on-droid ---
Branch feature/CRQ-016-nixify-workflow already exists. Checking it out.
Committing changes in /data/data/com.termux.nix/files/home/pick-up-nix2/vendor/nix-on-droid for CRQ-016
No changes to commit.
Commit successful for CRQ-016 in vendor/nix-on-droid.
Pushing changes...
--- Finished nix-on-droid ---

All submodules have been committed and pushed.
Finished processing vendor/nix-on-droid
Checking submodule: vendor/nix/flake-utils
Found flake.nix in vendor/nix/flake-utils. Processing...
Found the following submodules to process: vendor/nix/flake-utils
--- Processing flake-utils at vendor/nix/flake-utils ---
Branch feature/CRQ-016-nixify-workflow already exists. Checking it out.
Committing changes in /data/data/com.termux.nix/files/home/pick-up-nix2/vendor/nix/flake-utils for CRQ-016
No changes to commit.
Commit successful for CRQ-016 in vendor/nix/flake-utils.
Pushing changes...
--- Finished flake-utils ---

All submodules have been committed and pushed.
Finished processing vendor/nix/flake-utils
Checking submodule: vendor/nix/nil
Found flake.nix in vendor/nix/nil. Processing...
Found the following submodules to process: vendor/nix/nil
--- Processing nil at vendor/nix/nil ---
Branch feature/CRQ-016-nixify-workflow already exists. Checking it out.
Committing changes in /data/data/com.termux.nix/files/home/pick-up-nix2/vendor/nix/nil for CRQ-016
No changes to commit.
Commit successful for CRQ-016 in vendor/nix/nil.
Pushing changes...
--- Finished nil ---

All submodules have been committed and pushed.
Finished processing vendor/nix/nil
Checking submodule: vendor/nix/nix
Found flake.nix in vendor/nix/nix. Processing...
Found the following submodules to process: vendor/nix/nix
--- Processing nix at vendor/nix/nix ---
Branch feature/CRQ-016-nixify-workflow already exists. Checking it out.
Committing changes in /data/data/com.termux.nix/files/home/pick-up-nix2/vendor/nix/nix for CRQ-016
No changes to commit.
Commit successful for CRQ-016 in vendor/nix/nix.
Pushing changes...
--- Finished nix ---

All submodules have been committed and pushed.
Finished processing vendor/nix/nix
Checking submodule: vendor/nix/nix-config-merger
No flake.nix found in vendor/nix/nix-config-merger. Skipping.
Checking submodule: vendor/nix/nix-direnv
Found flake.nix in vendor/nix/nix-direnv. Processing...
Found the following submodules to process: vendor/nix/nix-direnv
--- Processing nix-direnv at vendor/nix/nix-direnv ---
Branch feature/CRQ-016-nixify-workflow already exists. Checking it out.
Committing changes in /data/data/com.termux.nix/files/home/pick-up-nix2/vendor/nix/nix-direnv for CRQ-016
No changes to commit.
Commit successful for CRQ-016 in vendor/nix/nix-direnv.
Pushing changes...
--- Finished nix-direnv ---

All submodules have been committed and pushed.
Finished processing vendor/nix/nix-direnv
Checking submodule: vendor/nix/nix-files-comparator
No flake.nix found in vendor/nix/nix-files-comparator. Skipping.
Checking submodule: vendor/nix/nixpacks
Found flake.nix in vendor/nix/nixpacks. Processing...
Found the following submodules to process: vendor/nix/nixpacks
--- Processing nixpacks at vendor/nix/nixpacks ---
Branch feature/CRQ-016-nixify-workflow already exists. Checking it out.
Your branch is ahead of 'origin/feature/CRQ-016-nixify-workflow' by 1 commit.
  (use "git push" to publish your local commits)
Committing changes in /data/data/com.termux.nix/files/home/pick-up-nix2/vendor/nix/nixpacks for CRQ-016
No changes to commit.
Commit successful for CRQ-016 in vendor/nix/nixpacks.
Pushing changes...
Current branch feature/CRQ-016-nixify-workflow is up to date.
Finished processing vendor/nix/nixpacks
Checking submodule: vendor/nix/nixpkgs-lint
Found flake.nix in vendor/nix/nixpkgs-lint. Processing...
Found the following submodules to process: vendor/nix/nixpkgs-lint
--- Processing nixpkgs-lint at vendor/nix/nixpkgs-lint ---
Branch feature/CRQ-016-nixify-workflow already exists. Checking it out.
Committing changes in /data/data/com.termux.nix/files/home/pick-up-nix2/vendor/nix/nixpkgs-lint for CRQ-016
No changes to commit.
Commit successful for CRQ-016 in vendor/nix/nixpkgs-lint.
Pushing changes...
--- Finished nixpkgs-lint ---

All submodules have been committed and pushed.
Finished processing vendor/nix/nixpkgs-lint
Checking submodule: vendor/nix/nixtract
Found flake.nix in vendor/nix/nixtract. Processing...
Found the following submodules to process: vendor/nix/nixtract
--- Processing nixtract at vendor/nix/nixtract ---
Branch feature/CRQ-016-nixify-workflow already exists. Checking it out.
Committing changes in /data/data/com.termux.nix/files/home/pick-up-nix2/vendor/nix/nixtract for CRQ-016
No changes to commit.
Commit successful for CRQ-016 in vendor/nix/nixtract.
Pushing changes...
--- Finished nixtract ---

All submodules have been committed and pushed.
Finished processing vendor/nix/nixtract
Checking submodule: vendor/nix/renix
Found flake.nix in vendor/nix/renix. Processing...
Found the following submodules to process: vendor/nix/renix
--- Processing renix at vendor/nix/renix ---
Branch feature/CRQ-016-nixify-workflow already exists. Checking it out.
Committing changes in /data/data/com.termux.nix/files/home/pick-up-nix2/vendor/nix/renix for CRQ-016
No changes to commit.
Commit successful for CRQ-016 in vendor/nix/renix.
Pushing changes...
--- Finished renix ---

All submodules have been committed and pushed.
Finished processing vendor/nix/renix
Checking submodule: vendor/nix/rnix-parser-tester
Found flake.nix in vendor/nix/rnix-parser-tester. Processing...
Found the following submodules to process: vendor/nix/rnix-parser-tester
--- Processing rnix-parser-tester at vendor/nix/rnix-parser-tester ---
Branch feature/CRQ-016-nixify-workflow already exists. Checking it out.
Committing changes in /data/data/com.termux.nix/files/home/pick-up-nix2/vendor/nix/rnix-parser-tester for CRQ-016
No changes to commit.
Commit successful for CRQ-016 in vendor/nix/rnix-parser-tester.
Pushing changes...
--- Finished rnix-parser-tester ---

All submodules have been committed and pushed.
Finished processing vendor/nix/rnix-parser-tester
Checking submodule: vendor/nix/tvix
No flake.nix found in vendor/nix/tvix. Skipping.
Checking submodule: vendor/nixpkgs
Found flake.nix in vendor/nixpkgs. Processing...
Found the following submodules to process: vendor/nixpkgs
--- Processing nixpkgs at vendor/nixpkgs ---
Branch feature/CRQ-016-nixify-workflow already exists. Checking it out.
Committing changes in /data/data/com.termux.nix/files/home/pick-up-nix2/vendor/nixpkgs for CRQ-016
No changes to commit.
Commit successful for CRQ-016 in vendor/nixpkgs.
Pushing changes...
--- Finished nixpkgs ---

All submodules have been committed and pushed.
Finished processing vendor/nixpkgs
Checking submodule: vendor/plantuml-stdlib/C4-PlantUML
No flake.nix found in vendor/plantuml-stdlib/C4-PlantUML. Skipping.
Checking submodule: vendor/rnix-parser
Found flake.nix in vendor/rnix-parser. Processing...
Found the following submodules to process: vendor/rnix-parser
--- Processing rnix-parser at vendor/rnix-parser ---
Branch feature/CRQ-016-nixify-workflow already exists. Checking it out.
Committing changes in /data/data/com.termux.nix/files/home/pick-up-nix2/vendor/rnix-parser for CRQ-016
No changes to commit.
Commit successful for CRQ-016 in vendor/rnix-parser.
Pushing changes...
--- Finished rnix-parser ---

All submodules have been committed and pushed.
Finished processing vendor/rnix-parser
Checking submodule: vendor/rust-index-guix
No flake.nix found in vendor/rust-index-guix. Skipping.
Checking submodule: vendor/steel
Found flake.nix in vendor/steel. Processing...
Found the following submodules to process: vendor/steel
--- Processing steel at vendor/steel ---
Branch feature/CRQ-016-nixify-workflow already exists. Checking it out.
Committing changes in /data/data/com.termux.nix/files/home/pick-up-nix2/vendor/steel for CRQ-016
No changes to commit.
Commit successful for CRQ-016 in vendor/steel.
Pushing changes...
Current branch feature/CRQ-016-nixify-workflow is up to date.
Finished processing vendor/steel
Checking submodule: vendor/strace/dutchcoders-trace
No flake.nix found in vendor/strace/dutchcoders-trace. Skipping.
Checking submodule: vendor/strace/intentrace
No flake.nix found in vendor/strace/intentrace. Skipping.
Checking submodule: vendor/strace/lurk
No flake.nix found in vendor/strace/lurk. Skipping.
Checking submodule: vendor/strace/rstrace
No flake.nix found in vendor/strace/rstrace. Skipping.
Checking submodule: vendor/tools/detect-duplicates
Found flake.nix in vendor/tools/detect-duplicates. Processing...
Found the following submodules to process: vendor/tools/detect-duplicates
--- Processing detect-duplicates at vendor/tools/detect-duplicates ---
Branch feature/CRQ-016-nixify-workflow already exists. Checking it out.
Committing changes in /data/data/com.termux.nix/files/home/pick-up-nix2/vendor/tools/detect-duplicates for CRQ-016
No changes to commit.
Commit successful for CRQ-016 in vendor/tools/detect-duplicates.
Pushing changes...
--- Finished detect-duplicates ---

All submodules have been committed and pushed.
Finished processing vendor/tools/detect-duplicates
Finished submodule flake processing at Sun Sep 21 04:04:34 AM UTC 2025
Starting submodule flake processing at Sun Sep 21 04:28:17 AM UTC 2025
Checking submodule: .github/actions/cache
No flake.nix found in .github/actions/cache. Skipping.
Checking submodule: .github/actions/cache-nix-action
Found flake.nix in .github/actions/cache-nix-action. Processing...
Found the following submodules to process: .github/actions/cache-nix-action
--- Processing cache-nix-action at .github/actions/cache-nix-action ---
Branch feature/CRQ-016-nixify-workflow already exists. Checking it out.
Committing changes in /data/data/com.termux.nix/files/home/pick-up-nix2/.github/actions/cache-nix-action for CRQ-016
No changes to commit.
Commit successful for CRQ-016 in .github/actions/cache-nix-action.
Pushing changes...
--- Finished cache-nix-action ---

All submodules have been committed and pushed.
Finished processing .github/actions/cache-nix-action
Checking submodule: .github/actions/cache-nix-action/deps/actions/toolkit
No flake.nix found in .github/actions/cache-nix-action/deps/actions/toolkit. Skipping.
Checking submodule: .github/actions/cache-nix-action/deps/buildjet/toolkit
No flake.nix found in .github/actions/cache-nix-action/deps/buildjet/toolkit. Skipping.
Checking submodule: .github/actions/checkout
No flake.nix found in .github/actions/checkout. Skipping.
Checking submodule: .github/actions/install-nix-action
No flake.nix found in .github/actions/install-nix-action. Skipping.
Checking submodule: .github/actions/nix-github-actions
Found flake.nix in .github/actions/nix-github-actions. Processing...
Found the following submodules to process: .github/actions/nix-github-actions
--- Processing nix-github-actions at .github/actions/nix-github-actions ---
Branch feature/CRQ-016-nixify-workflow already exists. Checking it out.
Committing changes in /data/data/com.termux.nix/files/home/pick-up-nix2/.github/actions/nix-github-actions for CRQ-016
No changes to commit.
Commit successful for CRQ-016 in .github/actions/nix-github-actions.
Pushing changes...
--- Finished nix-github-actions ---

All submodules have been committed and pushed.
Finished processing .github/actions/nix-github-actions
Checking submodule: .github/actions/nix-installer-action
Found flake.nix in .github/actions/nix-installer-action. Processing...
Found the following submodules to process: .github/actions/nix-installer-action
--- Processing nix-installer-action at .github/actions/nix-installer-action ---
Branch feature/CRQ-016-nixify-workflow already exists. Checking it out.
Committing changes in /data/data/com.termux.nix/files/home/pick-up-nix2/.github/actions/nix-installer-action for CRQ-016
No changes to commit.
Commit successful for CRQ-016 in .github/actions/nix-installer-action.
Pushing changes...
--- Finished nix-installer-action ---

All submodules have been committed and pushed.
Finished processing .github/actions/nix-installer-action
Checking submodule: .github/actions/upload-artifact
No flake.nix found in .github/actions/upload-artifact. Skipping.
Checking submodule: nixpacks
Found flake.nix in nixpacks. Processing...
Found the following submodules to process: nixpacks
--- Processing nixpacks at nixpacks ---
Branch feature/CRQ-016-nixify-workflow already exists. Checking it out.
Committing changes in /data/data/com.termux.nix/files/home/pick-up-nix2/nixpacks for CRQ-016
No changes to commit.
Commit successful for CRQ-016 in nixpacks.
Pushing changes...
--- Finished nixpacks ---

All submodules have been committed and pushed.
Finished processing nixpacks
Checking submodule: source/github/jmikedupont2/orgs/Escaped-RDFa/namespace
Found flake.nix in source/github/jmikedupont2/orgs/Escaped-RDFa/namespace. Processing...
Found the following submodules to process: source/github/jmikedupont2/orgs/Escaped-RDFa/namespace
--- Processing namespace at source/github/jmikedupont2/orgs/Escaped-RDFa/namespace ---
Branch feature/CRQ-016-nixify-workflow already exists. Checking it out.
Committing changes in /data/data/com.termux.nix/files/home/pick-up-nix2/source/github/jmikedupont2/orgs/Escaped-RDFa/namespace for CRQ-016
No changes to commit.
Commit successful for CRQ-016 in source/github/jmikedupont2/orgs/Escaped-RDFa/namespace.
Pushing changes...
Renaming origin to upstream.
Finished processing source/github/jmikedupont2/orgs/Escaped-RDFa/namespace
Checking submodule: source/github/meta-introspector/git-submodule-tools-rs
No flake.nix found in source/github/meta-introspector/git-submodule-tools-rs. Skipping.
Checking submodule: source/github/meta-introspector/git-submodule-tools-rs/vendor/cargo_metadata
No flake.nix found in source/github/meta-introspector/git-submodule-tools-rs/vendor/cargo_metadata. Skipping.
Checking submodule: source/github/meta-introspector/git-submodule-tools-rs/vendor/meta-introspector/meta-meme
No flake.nix found in source/github/meta-introspector/git-submodule-tools-rs/vendor/meta-introspector/meta-meme. Skipping.
Checking submodule: source/github/meta-introspector/git-submodule-tools-rs/vendor/meta-introspector/meta-meme.wiki
No flake.nix found in source/github/meta-introspector/git-submodule-tools-rs/vendor/meta-introspector/meta-meme.wiki. Skipping.
Checking submodule: source/github/meta-introspector/git-submodule-tools-rs/vendor/meta-introspector/mkAIDerivation
Found flake.nix in source/github/meta-introspector/git-submodule-tools-rs/vendor/meta-introspector/mkAIDerivation. Processing...
Found the following submodules to process: source/github/meta-introspector/git-submodule-tools-rs/vendor/meta-introspector/mkAIDerivation
--- Processing mkAIDerivation at source/github/meta-introspector/git-submodule-tools-rs/vendor/meta-introspector/mkAIDerivation ---
Branch feature/CRQ-016-nixify-workflow already exists. Checking it out.
Committing changes in /data/data/com.termux.nix/files/home/pick-up-nix2/source/github/meta-introspector/git-submodule-tools-rs/vendor/meta-introspector/mkAIDerivation for CRQ-016
No changes to commit.
Commit successful for CRQ-016 in source/github/meta-introspector/git-submodule-tools-rs/vendor/meta-introspector/mkAIDerivation.
Pushing changes...
--- Finished mkAIDerivation ---

All submodules have been committed and pushed.
Finished processing source/github/meta-introspector/git-submodule-tools-rs/vendor/meta-introspector/mkAIDerivation
Checking submodule: source/github/meta-introspector/git-submodule-tools-rs/vendor/octocrab
No flake.nix found in source/github/meta-introspector/git-submodule-tools-rs/vendor/octocrab. Skipping.
Checking submodule: source/github/meta-introspector/git-submodule-tools-rs/vendor/zola
No flake.nix found in source/github/meta-introspector/git-submodule-tools-rs/vendor/zola. Skipping.
Checking submodule: source/github/meta-introspector/git-submodule-tools-rs/vendor/zola/components/config/sublime/syntaxes/Packages
No flake.nix found in source/github/meta-introspector/git-submodule-tools-rs/vendor/zola/components/config/sublime/syntaxes/Packages. Skipping.
Checking submodule: source/github/meta-introspector/git-submodule-tools-rs/vendor/zola/components/config/sublime/syntaxes/extra/Docker.tmbundle
No flake.nix found in source/github/meta-introspector/git-submodule-tools-rs/vendor/zola/components/config/sublime/syntaxes/extra/Docker.tmbundle. Skipping.
Checking submodule: source/github/meta-introspector/git-submodule-tools-rs/vendor/zola/components/config/sublime/syntaxes/extra/GDScript-sublime
No flake.nix found in source/github/meta-introspector/git-submodule-tools-rs/vendor/zola/components/config/sublime/syntaxes/extra/GDScript-sublime. Skipping.
Checking submodule: source/github/meta-introspector/git-submodule-tools-rs/vendor/zola/components/config/sublime/syntaxes/extra/GraphQL-SublimeText3
No flake.nix found in source/github/meta-introspector/git-submodule-tools-rs/vendor/zola/components/config/sublime/syntaxes/extra/GraphQL-SublimeText3. Skipping.
Checking submodule: source/github/meta-introspector/git-submodule-tools-rs/vendor/zola/components/config/sublime/syntaxes/extra/Julia-sublime
No flake.nix found in source/github/meta-introspector/git-submodule-tools-rs/vendor/zola/components/config/sublime/syntaxes/extra/Julia-sublime. Skipping.
Checking submodule: source/github/meta-introspector/git-submodule-tools-rs/vendor/zola/components/config/sublime/syntaxes/extra/LESS-sublime
No flake.nix found in source/github/meta-introspector/git-submodule-tools-rs/vendor/zola/components/config/sublime/syntaxes/extra/LESS-sublime. Skipping.
Checking submodule: source/github/meta-introspector/git-submodule-tools-rs/vendor/zola/components/config/sublime/syntaxes/extra/Sublime-CMakeLists
No flake.nix found in source/github/meta-introspector/git-submodule-tools-rs/vendor/zola/components/config/sublime/syntaxes/extra/Sublime-CMakeLists. Skipping.
Checking submodule: source/github/meta-introspector/git-submodule-tools-rs/vendor/zola/components/config/sublime/syntaxes/extra/Sublime-GenericConfig
No flake.nix found in source/github/meta-introspector/git-submodule-tools-rs/vendor/zola/components/config/sublime/syntaxes/extra/Sublime-GenericConfig. Skipping.
Checking submodule: source/github/meta-introspector/git-submodule-tools-rs/vendor/zola/components/config/sublime/syntaxes/extra/SublimeElmLanguageSupport
No flake.nix found in source/github/meta-introspector/git-submodule-tools-rs/vendor/zola/components/config/sublime/syntaxes/extra/SublimeElmLanguageSupport. Skipping.
Checking submodule: source/github/meta-introspector/git-submodule-tools-rs/vendor/zola/components/config/sublime/syntaxes/extra/SublimeFortran
No flake.nix found in source/github/meta-introspector/git-submodule-tools-rs/vendor/zola/components/config/sublime/syntaxes/extra/SublimeFortran. Skipping.
Checking submodule: source/github/meta-introspector/git-submodule-tools-rs/vendor/zola/components/config/sublime/syntaxes/extra/SublimeSass
No flake.nix found in source/github/meta-introspector/git-submodule-tools-rs/vendor/zola/components/config/sublime/syntaxes/extra/SublimeSass. Skipping.
Checking submodule: source/github/meta-introspector/git-submodule-tools-rs/vendor/zola/components/config/sublime/syntaxes/extra/SublimeTextLinkerSyntax
No flake.nix found in source/github/meta-introspector/git-submodule-tools-rs/vendor/zola/components/config/sublime/syntaxes/extra/SublimeTextLinkerSyntax. Skipping.
Checking submodule: source/github/meta-introspector/git-submodule-tools-rs/vendor/zola/components/config/sublime/syntaxes/extra/awk-sublime
No flake.nix found in source/github/meta-introspector/git-submodule-tools-rs/vendor/zola/components/config/sublime/syntaxes/extra/awk-sublime. Skipping.
Checking submodule: source/github/meta-introspector/git-submodule-tools-rs/vendor/zola/components/config/sublime/syntaxes/extra/elixir-sublime-syntax
No flake.nix found in source/github/meta-introspector/git-submodule-tools-rs/vendor/zola/components/config/sublime/syntaxes/extra/elixir-sublime-syntax. Skipping.
Checking submodule: source/github/meta-introspector/git-submodule-tools-rs/vendor/zola/components/config/sublime/syntaxes/extra/protobuf-syntax-highlighting
No flake.nix found in source/github/meta-introspector/git-submodule-tools-rs/vendor/zola/components/config/sublime/syntaxes/extra/protobuf-syntax-highlighting. Skipping.
Checking submodule: source/github/meta-introspector/git-submodule-tools-rs/vendor/zola/components/config/sublime/syntaxes/extra/sublime-clojure
No flake.nix found in source/github/meta-introspector/git-submodule-tools-rs/vendor/zola/components/config/sublime/syntaxes/extra/sublime-clojure. Skipping.
Checking submodule: source/github/meta-introspector/git-submodule-tools-rs/vendor/zola/components/config/sublime/syntaxes/extra/sublime-fish
No flake.nix found in source/github/meta-introspector/git-submodule-tools-rs/vendor/zola/components/config/sublime/syntaxes/extra/sublime-fish. Skipping.
Checking submodule: source/github/meta-introspector/git-submodule-tools-rs/vendor/zola/components/config/sublime/syntaxes/extra/sublime-glsl
No flake.nix found in source/github/meta-introspector/git-submodule-tools-rs/vendor/zola/components/config/sublime/syntaxes/extra/sublime-glsl. Skipping.
Checking submodule: source/github/meta-introspector/git-submodule-tools-rs/vendor/zola/components/config/sublime/syntaxes/extra/sublime-jinja2
No flake.nix found in source/github/meta-introspector/git-submodule-tools-rs/vendor/zola/components/config/sublime/syntaxes/extra/sublime-jinja2. Skipping.
Checking submodule: source/github/meta-introspector/git-submodule-tools-rs/vendor/zola/components/config/sublime/syntaxes/extra/sublime-purescript-syntax
No flake.nix found in source/github/meta-introspector/git-submodule-tools-rs/vendor/zola/components/config/sublime/syntaxes/extra/sublime-purescript-syntax. Skipping.
Checking submodule: source/github/meta-introspector/git-submodule-tools-rs/vendor/zola/components/config/sublime/syntaxes/extra/sublime-zig-language
No flake.nix found in source/github/meta-introspector/git-submodule-tools-rs/vendor/zola/components/config/sublime/syntaxes/extra/sublime-zig-language. Skipping.
Checking submodule: source/github/meta-introspector/git-submodule-tools-rs/vendor/zola/components/config/sublime/syntaxes/extra/sublime_toml_highlighting
No flake.nix found in source/github/meta-introspector/git-submodule-tools-rs/vendor/zola/components/config/sublime/syntaxes/extra/sublime_toml_highlighting. Skipping.
Checking submodule: source/github/meta-introspector/git-submodule-tools-rs/vendor/zola/components/config/sublime/syntaxes/extra/sublimetext-fsharp
No flake.nix found in source/github/meta-introspector/git-submodule-tools-rs/vendor/zola/components/config/sublime/syntaxes/extra/sublimetext-fsharp. Skipping.
Checking submodule: source/github/meta-introspector/git-submodule-tools-rs/vendor/zola/components/config/sublime/syntaxes/extra/vue-syntax-highlight
No flake.nix found in source/github/meta-introspector/git-submodule-tools-rs/vendor/zola/components/config/sublime/syntaxes/extra/vue-syntax-highlight. Skipping.
Checking submodule: source/github/meta-introspector/git-submodules-rs-nix
Found flake.nix in source/github/meta-introspector/git-submodules-rs-nix. Processing...
Found the following submodules to process: source/github/meta-introspector/git-submodules-rs-nix
--- Processing git-submodules-rs-nix at source/github/meta-introspector/git-submodules-rs-nix ---
Branch feature/CRQ-016-nixify-workflow already exists. Checking it out.
Committing changes in /data/data/com.termux.nix/files/home/pick-up-nix2/source/github/meta-introspector/git-submodules-rs-nix for CRQ-016
No changes to commit.
Commit successful for CRQ-016 in source/github/meta-introspector/git-submodules-rs-nix.
Pushing changes...
--- Finished git-submodules-rs-nix ---

All submodules have been committed and pushed.
Finished processing source/github/meta-introspector/git-submodules-rs-nix
Checking submodule: source/github/meta-introspector/git-submodules-rs-nix/.emacs.d/nix-magit
Found flake.nix in source/github/meta-introspector/git-submodules-rs-nix/.emacs.d/nix-magit. Processing...
Found the following submodules to process: source/github/meta-introspector/git-submodules-rs-nix/.emacs.d/nix-magit
--- Processing nix-magit at source/github/meta-introspector/git-submodules-rs-nix/.emacs.d/nix-magit ---
Branch feature/CRQ-016-nixify-workflow already exists. Checking it out.
Committing changes in /data/data/com.termux.nix/files/home/pick-up-nix2/source/github/meta-introspector/git-submodules-rs-nix/.emacs.d/nix-magit for CRQ-016
No changes to commit.
Commit successful for CRQ-016 in source/github/meta-introspector/git-submodules-rs-nix/.emacs.d/nix-magit.
Pushing changes...
--- Finished nix-magit ---

All submodules have been committed and pushed.
Finished processing source/github/meta-introspector/git-submodules-rs-nix/.emacs.d/nix-magit
Checking submodule: source/github/meta-introspector/git-submodules-rs-nix/.emacs.d/terlar-emacs-config
Found flake.nix in source/github/meta-introspector/git-submodules-rs-nix/.emacs.d/terlar-emacs-config. Processing...
Found the following submodules to process: source/github/meta-introspector/git-submodules-rs-nix/.emacs.d/terlar-emacs-config
--- Processing terlar-emacs-config at source/github/meta-introspector/git-submodules-rs-nix/.emacs.d/terlar-emacs-config ---
Branch feature/CRQ-016-nixify-workflow already exists. Checking it out.
Committing changes in /data/data/com.termux.nix/files/home/pick-up-nix2/source/github/meta-introspector/git-submodules-rs-nix/.emacs.d/terlar-emacs-config for CRQ-016
No changes to commit.
Commit successful for CRQ-016 in source/github/meta-introspector/git-submodules-rs-nix/.emacs.d/terlar-emacs-config.
Pushing changes...
Creating fork...
Finished processing source/github/meta-introspector/git-submodules-rs-nix/.emacs.d/terlar-emacs-config
Checking submodule: source/github/meta-introspector/git-submodules-rs-nix/git-submodule-tools
No flake.nix found in source/github/meta-introspector/git-submodules-rs-nix/git-submodule-tools. Skipping.
Checking submodule: source/github/meta-introspector/git-submodules-rs-nix/gitoxide
No flake.nix found in source/github/meta-introspector/git-submodules-rs-nix/gitoxide. Skipping.
Checking submodule: source/github/meta-introspector/git-submodules-rs-nix/magoo
No flake.nix found in source/github/meta-introspector/git-submodules-rs-nix/magoo. Skipping.
Checking submodule: source/github/meta-introspector/git-submodules-rs-nix/naersk
Found flake.nix in source/github/meta-introspector/git-submodules-rs-nix/naersk. Processing...
Found the following submodules to process: source/github/meta-introspector/git-submodules-rs-nix/naersk
--- Processing naersk at source/github/meta-introspector/git-submodules-rs-nix/naersk ---
Branch feature/CRQ-016-nixify-workflow already exists. Checking it out.
Committing changes in /data/data/com.termux.nix/files/home/pick-up-nix2/source/github/meta-introspector/git-submodules-rs-nix/naersk for CRQ-016
No changes to commit.
Commit successful for CRQ-016 in source/github/meta-introspector/git-submodules-rs-nix/naersk.
Pushing changes...
--- Finished naersk ---

All submodules have been committed and pushed.
Finished processing source/github/meta-introspector/git-submodules-rs-nix/naersk
Checking submodule: source/github/meta-introspector/git-submodules-rs-nix/qa/templates/incident
No flake.nix found in source/github/meta-introspector/git-submodules-rs-nix/qa/templates/incident. Skipping.
Checking submodule: source/github/meta-introspector/git-submodules-rs-nix/sources/LukeMathWalker/cargo-manifest
No flake.nix found in source/github/meta-introspector/git-submodules-rs-nix/sources/LukeMathWalker/cargo-manifest. Skipping.
Checking submodule: source/github/meta-introspector/git-submodules-rs-nix/sources/infinyon/cargo-cvm
No flake.nix found in source/github/meta-introspector/git-submodules-rs-nix/sources/infinyon/cargo-cvm. Skipping.
Checking submodule: source/github/meta-introspector/git-submodules-rs-nix/sources/ironthree/cargoman
No flake.nix found in source/github/meta-introspector/git-submodules-rs-nix/sources/ironthree/cargoman. Skipping.
Checking submodule: source/github/meta-introspector/git-submodules-rs-nix/sources/meta-introspector/MoCoPr
No flake.nix found in source/github/meta-introspector/git-submodules-rs-nix/sources/meta-introspector/MoCoPr. Skipping.
Checking submodule: source/github/meta-introspector/git-submodules-rs-nix/sources/meta-introspector/mcp-attr
No flake.nix found in source/github/meta-introspector/git-submodules-rs-nix/sources/meta-introspector/mcp-attr. Skipping.
Checking submodule: source/github/meta-introspector/git-submodules-rs-nix/sources/meta-introspector/mcp-attr/external/modelcontextprotocol-specification
No flake.nix found in source/github/meta-introspector/git-submodules-rs-nix/sources/meta-introspector/mcp-attr/external/modelcontextprotocol-specification. Skipping.
Checking submodule: source/github/meta-introspector/git-submodules-rs-nix/sources/meta-introspector/mcp-discovery
No flake.nix found in source/github/meta-introspector/git-submodules-rs-nix/sources/meta-introspector/mcp-discovery. Skipping.
Checking submodule: source/github/meta-introspector/git-submodules-rs-nix/sources/meta-introspector/memkb-mcp-rust
No flake.nix found in source/github/meta-introspector/git-submodules-rs-nix/sources/meta-introspector/memkb-mcp-rust. Skipping.
Checking submodule: source/github/meta-introspector/git-submodules-rs-nix/sources/meta-introspector/monomcp-rust
No flake.nix found in source/github/meta-introspector/git-submodules-rs-nix/sources/meta-introspector/monomcp-rust. Skipping.
Checking submodule: source/github/meta-introspector/git-submodules-rs-nix/sources/meta-introspector/monomcp-rust/monomcp/MoCoPr
No flake.nix found in source/github/meta-introspector/git-submodules-rs-nix/sources/meta-introspector/monomcp-rust/monomcp/MoCoPr. Skipping.
Checking submodule: source/github/meta-introspector/git-submodules-rs-nix/sources/meta-introspector/monomcp-rust/monomcp/agentic
No flake.nix found in source/github/meta-introspector/git-submodules-rs-nix/sources/meta-introspector/monomcp-rust/monomcp/agentic. Skipping.
Checking submodule: source/github/meta-introspector/git-submodules-rs-nix/sources/meta-introspector/monomcp-rust/monomcp/generative_modular_forms
No flake.nix found in source/github/meta-introspector/git-submodules-rs-nix/sources/meta-introspector/monomcp-rust/monomcp/generative_modular_forms. Skipping.
Checking submodule: source/github/meta-introspector/git-submodules-rs-nix/sources/meta-introspector/monomcp-rust/monomcp/mcp-attr
No flake.nix found in source/github/meta-introspector/git-submodules-rs-nix/sources/meta-introspector/monomcp-rust/monomcp/mcp-attr. Skipping.
Checking submodule: source/github/meta-introspector/git-submodules-rs-nix/sources/meta-introspector/monomcp-rust/monomcp/mcp-attr/external/modelcontextprotocol-specification
No flake.nix found in source/github/meta-introspector/git-submodules-rs-nix/sources/meta-introspector/monomcp-rust/monomcp/mcp-attr/external/modelcontextprotocol-specification. Skipping.
Checking submodule: source/github/meta-introspector/git-submodules-rs-nix/sources/meta-introspector/monomcp-rust/monomcp/mcp-discovery
No flake.nix found in source/github/meta-introspector/git-submodules-rs-nix/sources/meta-introspector/monomcp-rust/monomcp/mcp-discovery. Skipping.
Checking submodule: source/github/meta-introspector/git-submodules-rs-nix/sources/meta-introspector/monomcp-rust/monomcp/memkb-mcp-rust
No flake.nix found in source/github/meta-introspector/git-submodules-rs-nix/sources/meta-introspector/monomcp-rust/monomcp/memkb-mcp-rust. Skipping.
Checking submodule: source/github/meta-introspector/git-submodules-rs-nix/sources/meta-introspector/monomcp-rust/monomcp/paiml-mcp-agent-toolkit
No flake.nix found in source/github/meta-introspector/git-submodules-rs-nix/sources/meta-introspector/monomcp-rust/monomcp/paiml-mcp-agent-toolkit. Skipping.
Checking submodule: source/github/meta-introspector/git-submodules-rs-nix/sources/meta-introspector/monomcp-rust/monomcp/ramparts
No flake.nix found in source/github/meta-introspector/git-submodules-rs-nix/sources/meta-introspector/monomcp-rust/monomcp/ramparts. Skipping.
Checking submodule: source/github/meta-introspector/git-submodules-rs-nix/sources/meta-introspector/monomcp-rust/monomcp/rmcp-agent
No flake.nix found in source/github/meta-introspector/git-submodules-rs-nix/sources/meta-introspector/monomcp-rust/monomcp/rmcp-agent. Skipping.
Checking submodule: source/github/meta-introspector/git-submodules-rs-nix/sources/meta-introspector/monomcp-rust/monomcp/rust-mcp-filesystem
No flake.nix found in source/github/meta-introspector/git-submodules-rs-nix/sources/meta-introspector/monomcp-rust/monomcp/rust-mcp-filesystem. Skipping.
Checking submodule: source/github/meta-introspector/git-submodules-rs-nix/sources/meta-introspector/monomcp-rust/monomcp/rust-mcp-sdk
No flake.nix found in source/github/meta-introspector/git-submodules-rs-nix/sources/meta-introspector/monomcp-rust/monomcp/rust-mcp-sdk. Skipping.
Checking submodule: source/github/meta-introspector/git-submodules-rs-nix/sources/meta-introspector/monomcp-rust/monomcp/simd-kernels
No flake.nix found in source/github/meta-introspector/git-submodules-rs-nix/sources/meta-introspector/monomcp-rust/monomcp/simd-kernels. Skipping.
Checking submodule: source/github/meta-introspector/git-submodules-rs-nix/sources/meta-introspector/monomcp-rust/monomcp/siumai
No flake.nix found in source/github/meta-introspector/git-submodules-rs-nix/sources/meta-introspector/monomcp-rust/monomcp/siumai. Skipping.
Checking submodule: source/github/meta-introspector/git-submodules-rs-nix/sources/meta-introspector/monomcp-rust/monomcp/turbomcp
No flake.nix found in source/github/meta-introspector/git-submodules-rs-nix/sources/meta-introspector/monomcp-rust/monomcp/turbomcp. Skipping.
Checking submodule: source/github/meta-introspector/git-submodules-rs-nix/sources/meta-introspector/monomcp-rust/monomcp/vendor/ar_archive_writer
No flake.nix found in source/github/meta-introspector/git-submodules-rs-nix/sources/meta-introspector/monomcp-rust/monomcp/vendor/ar_archive_writer. Skipping.
Checking submodule: source/github/meta-introspector/git-submodules-rs-nix/sources/meta-introspector/monomcp-rust/monomcp/vendor/arrow-rs
No flake.nix found in source/github/meta-introspector/git-submodules-rs-nix/sources/meta-introspector/monomcp-rust/monomcp/vendor/arrow-rs. Skipping.
Checking submodule: source/github/meta-introspector/git-submodules-rs-nix/sources/meta-introspector/monomcp-rust/monomcp/vendor/arrow-rs/parquet-testing
No flake.nix found in source/github/meta-introspector/git-submodules-rs-nix/sources/meta-introspector/monomcp-rust/monomcp/vendor/arrow-rs/parquet-testing. Skipping.
Checking submodule: source/github/meta-introspector/git-submodules-rs-nix/sources/meta-introspector/monomcp-rust/monomcp/vendor/arrow-rs/testing
No flake.nix found in source/github/meta-introspector/git-submodules-rs-nix/sources/meta-introspector/monomcp-rust/monomcp/vendor/arrow-rs/testing. Skipping.
Checking submodule: source/github/meta-introspector/git-submodules-rs-nix/sources/meta-introspector/monomcp-rust/monomcp/vendor/cargo-platform
No flake.nix found in source/github/meta-introspector/git-submodules-rs-nix/sources/meta-introspector/monomcp-rust/monomcp/vendor/cargo-platform. Skipping.
Checking submodule: source/github/meta-introspector/git-submodules-rs-nix/sources/meta-introspector/monomcp-rust/monomcp/vendor/cargo-rust-lang
No flake.nix found in source/github/meta-introspector/git-submodules-rs-nix/sources/meta-introspector/monomcp-rust/monomcp/vendor/cargo-rust-lang. Skipping.
Checking submodule: source/github/meta-introspector/git-submodules-rs-nix/sources/meta-introspector/monomcp-rust/monomcp/vendor/hugging-face-dataset-validator-rust
No flake.nix found in source/github/meta-introspector/git-submodules-rs-nix/sources/meta-introspector/monomcp-rust/monomcp/vendor/hugging-face-dataset-validator-rust. Skipping.
Checking submodule: source/github/meta-introspector/git-submodules-rs-nix/sources/meta-introspector/monomcp-rust/monomcp/vendor/rustc-stable-hash
No flake.nix found in source/github/meta-introspector/git-submodules-rs-nix/sources/meta-introspector/monomcp-rust/monomcp/vendor/rustc-stable-hash. Skipping.
Checking submodule: source/github/meta-introspector/git-submodules-rs-nix/sources/meta-introspector/monomcp-rust/monomcp/vendor/smallvec
No flake.nix found in source/github/meta-introspector/git-submodules-rs-nix/sources/meta-introspector/monomcp-rust/monomcp/vendor/smallvec. Skipping.
Checking submodule: source/github/meta-introspector/git-submodules-rs-nix/sources/meta-introspector/monomcp-rust/monomcp/vendor/tracing-vendor/tracing
No flake.nix found in source/github/meta-introspector/git-submodules-rs-nix/sources/meta-introspector/monomcp-rust/monomcp/vendor/tracing-vendor/tracing. Skipping.
Checking submodule: source/github/meta-introspector/git-submodules-rs-nix/sources/meta-introspector/paiml-mcp-agent-toolkit
No flake.nix found in source/github/meta-introspector/git-submodules-rs-nix/sources/meta-introspector/paiml-mcp-agent-toolkit. Skipping.
Checking submodule: source/github/meta-introspector/git-submodules-rs-nix/sources/meta-introspector/ramparts
No flake.nix found in source/github/meta-introspector/git-submodules-rs-nix/sources/meta-introspector/ramparts. Skipping.
Checking submodule: source/github/meta-introspector/git-submodules-rs-nix/sources/meta-introspector/rmcp-agent
No flake.nix found in source/github/meta-introspector/git-submodules-rs-nix/sources/meta-introspector/rmcp-agent. Skipping.
Checking submodule: source/github/meta-introspector/git-submodules-rs-nix/sources/meta-introspector/rust-mcp-filesystem
No flake.nix found in source/github/meta-introspector/git-submodules-rs-nix/sources/meta-introspector/rust-mcp-filesystem. Skipping.
Checking submodule: source/github/meta-introspector/git-submodules-rs-nix/sources/meta-introspector/rust-mcp-sdk
No flake.nix found in source/github/meta-introspector/git-submodules-rs-nix/sources/meta-introspector/rust-mcp-sdk. Skipping.
Checking submodule: source/github/meta-introspector/git-submodules-rs-nix/sources/meta-introspector/turbomcp
No flake.nix found in source/github/meta-introspector/git-submodules-rs-nix/sources/meta-introspector/turbomcp. Skipping.
Checking submodule: source/github/meta-introspector/git-submodules-rs-nix/sources/simensgreen/cargo-incvec
No flake.nix found in source/github/meta-introspector/git-submodules-rs-nix/sources/simensgreen/cargo-incvec. Skipping.
Checking submodule: source/github/meta-introspector/git-submodules-rs-nix/submod
No flake.nix found in source/github/meta-introspector/git-submodules-rs-nix/submod. Skipping.
Checking submodule: source/github/meta-introspector/git-submodules-rs-nix/tools/tool-template
No flake.nix found in source/github/meta-introspector/git-submodules-rs-nix/tools/tool-template. Skipping.
Checking submodule: source/github/meta-introspector/git-submodules-rs-nix/tools/wikidata
No flake.nix found in source/github/meta-introspector/git-submodules-rs-nix/tools/wikidata. Skipping.
Checking submodule: source/github/meta-introspector/git-submodules-rs-nix/tools/wikidata/prelude
No flake.nix found in source/github/meta-introspector/git-submodules-rs-nix/tools/wikidata/prelude. Skipping.
Checking submodule: source/github/meta-introspector/hackathon
No flake.nix found in source/github/meta-introspector/hackathon. Skipping.
Checking submodule: source/github/meta-introspector/introspector-llc
No flake.nix found in source/github/meta-introspector/introspector-llc. Skipping.
Checking submodule: source/github/meta-introspector/lattice-introspector
No flake.nix found in source/github/meta-introspector/lattice-introspector. Skipping.
Checking submodule: source/github/meta-introspector/lattice-introspector/data
No flake.nix found in source/github/meta-introspector/lattice-introspector/data. Skipping.
Checking submodule: source/github/meta-introspector/lattice-introspector/vendor/DaoFP
No flake.nix found in source/github/meta-introspector/lattice-introspector/vendor/DaoFP. Skipping.
Checking submodule: source/github/meta-introspector/lattice-introspector/vendor/abi_stable_crates
No flake.nix found in source/github/meta-introspector/lattice-introspector/vendor/abi_stable_crates. Skipping.
Checking submodule: source/github/meta-introspector/lattice-introspector/vendor/ai-agent-terraform
No flake.nix found in source/github/meta-introspector/lattice-introspector/vendor/ai-agent-terraform. Skipping.
Checking submodule: source/github/meta-introspector/lattice-introspector/vendor/aichat
No flake.nix found in source/github/meta-introspector/lattice-introspector/vendor/aichat. Skipping.
Checking submodule: source/github/meta-introspector/lattice-introspector/vendor/aichat/oauth_review/r-google-oauth2
No flake.nix found in source/github/meta-introspector/lattice-introspector/vendor/aichat/oauth_review/r-google-oauth2. Skipping.
Checking submodule: source/github/meta-introspector/lattice-introspector/vendor/aichat/oauth_review/rs-gapi-oauth
No flake.nix found in source/github/meta-introspector/lattice-introspector/vendor/aichat/oauth_review/rs-gapi-oauth. Skipping.
Checking submodule: source/github/meta-introspector/lattice-introspector/vendor/bootstrap
No flake.nix found in source/github/meta-introspector/lattice-introspector/vendor/bootstrap. Skipping.
Checking submodule: source/github/meta-introspector/lattice-introspector/vendor/copper
No flake.nix found in source/github/meta-introspector/lattice-introspector/vendor/copper. Skipping.
Checking submodule: source/github/meta-introspector/lattice-introspector/vendor/cranelift
No flake.nix found in source/github/meta-introspector/lattice-introspector/vendor/cranelift. Skipping.
Checking submodule: source/github/meta-introspector/lattice-introspector/vendor/cranelift/tests/component-model
No flake.nix found in source/github/meta-introspector/lattice-introspector/vendor/cranelift/tests/component-model. Skipping.
Checking submodule: source/github/meta-introspector/lattice-introspector/vendor/cranelift/tests/spec_testsuite
No flake.nix found in source/github/meta-introspector/lattice-introspector/vendor/cranelift/tests/spec_testsuite. Skipping.
Checking submodule: source/github/meta-introspector/lattice-introspector/vendor/cranelift/tests/wasi_testsuite/wasi-common
No flake.nix found in source/github/meta-introspector/lattice-introspector/vendor/cranelift/tests/wasi_testsuite/wasi-common. Skipping.
Checking submodule: source/github/meta-introspector/lattice-introspector/vendor/cranelift/tests/wasi_testsuite/wasi-threads
No flake.nix found in source/github/meta-introspector/lattice-introspector/vendor/cranelift/tests/wasi_testsuite/wasi-threads. Skipping.
Checking submodule: source/github/meta-introspector/lattice-introspector/vendor/gen-mod-form
No flake.nix found in source/github/meta-introspector/lattice-introspector/vendor/gen-mod-form. Skipping.
Checking submodule: source/github/meta-introspector/lattice-introspector/vendor/grok-cli
No flake.nix found in source/github/meta-introspector/lattice-introspector/vendor/grok-cli. Skipping.
Checking submodule: source/github/meta-introspector/lattice-introspector/vendor/hugging-face-dataset-validator-rust
No flake.nix found in source/github/meta-introspector/lattice-introspector/vendor/hugging-face-dataset-validator-rust. Skipping.
Checking submodule: source/github/meta-introspector/lattice-introspector/vendor/intel-mkl-src
No flake.nix found in source/github/meta-introspector/lattice-introspector/vendor/intel-mkl-src. Skipping.
Checking submodule: source/github/meta-introspector/lattice-introspector/vendor/libminizinc
No flake.nix found in source/github/meta-introspector/lattice-introspector/vendor/libminizinc. Skipping.
Checking submodule: source/github/meta-introspector/lattice-introspector/vendor/memkb-mcp-rust
No flake.nix found in source/github/meta-introspector/lattice-introspector/vendor/memkb-mcp-rust. Skipping.
Checking submodule: source/github/meta-introspector/lattice-introspector/vendor/monomcp-rust
No flake.nix found in source/github/meta-introspector/lattice-introspector/vendor/monomcp-rust. Skipping.
Checking submodule: source/github/meta-introspector/lattice-introspector/vendor/monomcp-rust/monomcp/MoCoPr
No flake.nix found in source/github/meta-introspector/lattice-introspector/vendor/monomcp-rust/monomcp/MoCoPr. Skipping.
Checking submodule: source/github/meta-introspector/lattice-introspector/vendor/monomcp-rust/monomcp/agentic
No flake.nix found in source/github/meta-introspector/lattice-introspector/vendor/monomcp-rust/monomcp/agentic. Skipping.
Checking submodule: source/github/meta-introspector/lattice-introspector/vendor/monomcp-rust/monomcp/generative_modular_forms
No flake.nix found in source/github/meta-introspector/lattice-introspector/vendor/monomcp-rust/monomcp/generative_modular_forms. Skipping.
Checking submodule: source/github/meta-introspector/lattice-introspector/vendor/monomcp-rust/monomcp/mcp-attr
No flake.nix found in source/github/meta-introspector/lattice-introspector/vendor/monomcp-rust/monomcp/mcp-attr. Skipping.
Checking submodule: source/github/meta-introspector/lattice-introspector/vendor/monomcp-rust/monomcp/mcp-discovery
No flake.nix found in source/github/meta-introspector/lattice-introspector/vendor/monomcp-rust/monomcp/mcp-discovery. Skipping.
Checking submodule: source/github/meta-introspector/lattice-introspector/vendor/monomcp-rust/monomcp/memkb-mcp-rust
No flake.nix found in source/github/meta-introspector/lattice-introspector/vendor/monomcp-rust/monomcp/memkb-mcp-rust. Skipping.
Checking submodule: source/github/meta-introspector/lattice-introspector/vendor/monomcp-rust/monomcp/paiml-mcp-agent-toolkit
No flake.nix found in source/github/meta-introspector/lattice-introspector/vendor/monomcp-rust/monomcp/paiml-mcp-agent-toolkit. Skipping.
Checking submodule: source/github/meta-introspector/lattice-introspector/vendor/monomcp-rust/monomcp/ramparts
No flake.nix found in source/github/meta-introspector/lattice-introspector/vendor/monomcp-rust/monomcp/ramparts. Skipping.
Checking submodule: source/github/meta-introspector/lattice-introspector/vendor/monomcp-rust/monomcp/rmcp-agent
No flake.nix found in source/github/meta-introspector/lattice-introspector/vendor/monomcp-rust/monomcp/rmcp-agent. Skipping.
Checking submodule: source/github/meta-introspector/lattice-introspector/vendor/monomcp-rust/monomcp/rust-mcp-filesystem
No flake.nix found in source/github/meta-introspector/lattice-introspector/vendor/monomcp-rust/monomcp/rust-mcp-filesystem. Skipping.
Checking submodule: source/github/meta-introspector/lattice-introspector/vendor/monomcp-rust/monomcp/rust-mcp-sdk
No flake.nix found in source/github/meta-introspector/lattice-introspector/vendor/monomcp-rust/monomcp/rust-mcp-sdk. Skipping.
Checking submodule: source/github/meta-introspector/lattice-introspector/vendor/monomcp-rust/monomcp/simd-kernels
No flake.nix found in source/github/meta-introspector/lattice-introspector/vendor/monomcp-rust/monomcp/simd-kernels. Skipping.
Checking submodule: source/github/meta-introspector/lattice-introspector/vendor/monomcp-rust/monomcp/siumai
No flake.nix found in source/github/meta-introspector/lattice-introspector/vendor/monomcp-rust/monomcp/siumai. Skipping.
Checking submodule: source/github/meta-introspector/lattice-introspector/vendor/monomcp-rust/monomcp/turbomcp
No flake.nix found in source/github/meta-introspector/lattice-introspector/vendor/monomcp-rust/monomcp/turbomcp. Skipping.
Checking submodule: source/github/meta-introspector/lattice-introspector/vendor/monomcp-rust/monomcp/vendor/ar_archive_writer
No flake.nix found in source/github/meta-introspector/lattice-introspector/vendor/monomcp-rust/monomcp/vendor/ar_archive_writer. Skipping.
Checking submodule: source/github/meta-introspector/lattice-introspector/vendor/monomcp-rust/monomcp/vendor/arrow-rs
No flake.nix found in source/github/meta-introspector/lattice-introspector/vendor/monomcp-rust/monomcp/vendor/arrow-rs. Skipping.
Checking submodule: source/github/meta-introspector/lattice-introspector/vendor/monomcp-rust/monomcp/vendor/cargo-platform
No flake.nix found in source/github/meta-introspector/lattice-introspector/vendor/monomcp-rust/monomcp/vendor/cargo-platform. Skipping.
Checking submodule: source/github/meta-introspector/lattice-introspector/vendor/ragit
No flake.nix found in source/github/meta-introspector/lattice-introspector/vendor/ragit. Skipping.
Checking submodule: source/github/meta-introspector/lattice-introspector/vendor/rust-smallvec
No flake.nix found in source/github/meta-introspector/lattice-introspector/vendor/rust-smallvec. Skipping.
Checking submodule: source/github/meta-introspector/lattice-introspector/vendor/rustc-stable-hash
No flake.nix found in source/github/meta-introspector/lattice-introspector/vendor/rustc-stable-hash. Skipping.
Checking submodule: source/github/meta-introspector/lattice-introspector/vendor/scirs
No flake.nix found in source/github/meta-introspector/lattice-introspector/vendor/scirs. Skipping.
Checking submodule: source/github/meta-introspector/lattice-introspector/vendor/simd-kernels
No flake.nix found in source/github/meta-introspector/lattice-introspector/vendor/simd-kernels. Skipping.
Checking submodule: source/github/meta-introspector/lattice-introspector/vendor/solfunmeme-dioxus
No flake.nix found in source/github/meta-introspector/lattice-introspector/vendor/solfunmeme-dioxus. Skipping.
Checking submodule: source/github/meta-introspector/lean4
Found flake.nix in source/github/meta-introspector/lean4. Processing...
Found the following submodules to process: source/github/meta-introspector/lean4
--- Processing lean4 at source/github/meta-introspector/lean4 ---
Branch feature/CRQ-016-nixify-workflow already exists. Checking it out.
Committing changes in /data/data/com.termux.nix/files/home/pick-up-nix2/source/github/meta-introspector/lean4 for CRQ-016
No changes to commit.
Commit successful for CRQ-016 in source/github/meta-introspector/lean4.
Pushing changes...
--- Finished lean4 ---

All submodules have been committed and pushed.
Finished processing source/github/meta-introspector/lean4
Checking submodule: source/github/meta-introspector/minizinc-introspector
No flake.nix found in source/github/meta-introspector/minizinc-introspector. Skipping.
Checking submodule: source/github/meta-introspector/neo
No flake.nix found in source/github/meta-introspector/neo. Skipping.
Checking submodule: source/github/meta-introspector/quasi-meta-meme
No flake.nix found in source/github/meta-introspector/quasi-meta-meme. Skipping.
Checking submodule: source/github/meta-introspector/ragit
No flake.nix found in source/github/meta-introspector/ragit. Skipping.
Checking submodule: source/github/meta-introspector/ragit/idx
No flake.nix found in source/github/meta-introspector/ragit/idx. Skipping.
Checking submodule: source/github/meta-introspector/ragit/index/solfunmeme-index
No flake.nix found in source/github/meta-introspector/ragit/index/solfunmeme-index. Skipping.
Checking submodule: source/github/meta-introspector/ragit/pilot-agent-cli
No flake.nix found in source/github/meta-introspector/ragit/pilot-agent-cli. Skipping.
Checking submodule: source/github/meta-introspector/ragit/spinoffs/model-builder-quiz
No flake.nix found in source/github/meta-introspector/ragit/spinoffs/model-builder-quiz. Skipping.
Checking submodule: source/github/meta-introspector/ragit/vendor/amazon-q-developer-cli
No flake.nix found in source/github/meta-introspector/ragit/vendor/amazon-q-developer-cli. Skipping.
Checking submodule: source/github/meta-introspector/ragit/vendor/amazon-q-developer-cli/vendor/gemini-cli
No flake.nix found in source/github/meta-introspector/ragit/vendor/amazon-q-developer-cli/vendor/gemini-cli. Skipping.
Checking submodule: source/github/meta-introspector/ragit/vendor/amazon-q-developer-cli/vendor/solfunmeme-dioxus
No flake.nix found in source/github/meta-introspector/ragit/vendor/amazon-q-developer-cli/vendor/solfunmeme-dioxus. Skipping.
Checking submodule: source/github/meta-introspector/ragit/vendor/amazon-q-developer-cli/vendor/solfunmeme-dioxus/bootstrap
No flake.nix found in source/github/meta-introspector/ragit/vendor/amazon-q-developer-cli/vendor/solfunmeme-dioxus/bootstrap. Skipping.
Checking submodule: source/github/meta-introspector/ragit/vendor/amazon-q-developer-cli/vendor/solfunmeme-dioxus/crates/task_manager
No flake.nix found in source/github/meta-introspector/ragit/vendor/amazon-q-developer-cli/vendor/solfunmeme-dioxus/crates/task_manager. Skipping.
Checking submodule: source/github/meta-introspector/ragit/vendor/amazon-q-developer-cli/vendor/solfunmeme-dioxus/hf_dataset
No flake.nix found in source/github/meta-introspector/ragit/vendor/amazon-q-developer-cli/vendor/solfunmeme-dioxus/hf_dataset. Skipping.
Checking submodule: source/github/meta-introspector/ragit/vendor/amazon-q-developer-cli/vendor/solfunmeme-dioxus/hg_datasets/microlean4
No flake.nix found in source/github/meta-introspector/ragit/vendor/amazon-q-developer-cli/vendor/solfunmeme-dioxus/hg_datasets/microlean4. Skipping.
Checking submodule: source/github/meta-introspector/ragit/vendor/amazon-q-developer-cli/vendor/solfunmeme-dioxus/vendor/axum
No flake.nix found in source/github/meta-introspector/ragit/vendor/amazon-q-developer-cli/vendor/solfunmeme-dioxus/vendor/axum. Skipping.
Checking submodule: source/github/meta-introspector/ragit/vendor/amazon-q-developer-cli/vendor/solfunmeme-dioxus/vendor/bm25
No flake.nix found in source/github/meta-introspector/ragit/vendor/amazon-q-developer-cli/vendor/solfunmeme-dioxus/vendor/bm25. Skipping.
Checking submodule: source/github/meta-introspector/ragit/vendor/amazon-q-developer-cli/vendor/solfunmeme-dioxus/vendor/candle
No flake.nix found in source/github/meta-introspector/ragit/vendor/amazon-q-developer-cli/vendor/solfunmeme-dioxus/vendor/candle. Skipping.
Checking submodule: source/github/meta-introspector/ragit/vendor/amazon-q-developer-cli/vendor/solfunmeme-dioxus/vendor/candle/candle-flash-attn/cutlass
No flake.nix found in source/github/meta-introspector/ragit/vendor/amazon-q-developer-cli/vendor/solfunmeme-dioxus/vendor/candle/candle-flash-attn/cutlass. Skipping.
Checking submodule: source/github/meta-introspector/ragit/vendor/amazon-q-developer-cli/vendor/solfunmeme-dioxus/vendor/dioxus-charts
No flake.nix found in source/github/meta-introspector/ragit/vendor/amazon-q-developer-cli/vendor/solfunmeme-dioxus/vendor/dioxus-charts. Skipping.
Checking submodule: source/github/meta-introspector/ragit/vendor/amazon-q-developer-cli/vendor/solfunmeme-dioxus/vendor/eliza-rs
No flake.nix found in source/github/meta-introspector/ragit/vendor/amazon-q-developer-cli/vendor/solfunmeme-dioxus/vendor/eliza-rs. Skipping.
Checking submodule: source/github/meta-introspector/ragit/vendor/amazon-q-developer-cli/vendor/solfunmeme-dioxus/vendor/fastembed-rs
Found flake.nix in source/github/meta-introspector/ragit/vendor/amazon-q-developer-cli/vendor/solfunmeme-dioxus/vendor/fastembed-rs. Processing...
Found the following submodules to process: source/github/meta-introspector/ragit/vendor/amazon-q-developer-cli/vendor/solfunmeme-dioxus/vendor/fastembed-rs
--- Processing fastembed-rs at source/github/meta-introspector/ragit/vendor/amazon-q-developer-cli/vendor/solfunmeme-dioxus/vendor/fastembed-rs ---
Branch feature/CRQ-016-nixify-workflow already exists. Checking it out.
Committing changes in /data/data/com.termux.nix/files/home/pick-up-nix2/source/github/meta-introspector/ragit/vendor/amazon-q-developer-cli/vendor/solfunmeme-dioxus/vendor/fastembed-rs for CRQ-016
No changes to commit.
Commit successful for CRQ-016 in source/github/meta-introspector/ragit/vendor/amazon-q-developer-cli/vendor/solfunmeme-dioxus/vendor/fastembed-rs.
Pushing changes...
--- Finished fastembed-rs ---

All submodules have been committed and pushed.
Finished processing source/github/meta-introspector/ragit/vendor/amazon-q-developer-cli/vendor/solfunmeme-dioxus/vendor/fastembed-rs
Checking submodule: source/github/meta-introspector/ragit/vendor/amazon-q-developer-cli/vendor/solfunmeme-dioxus/vendor/float-cmp
No flake.nix found in source/github/meta-introspector/ragit/vendor/amazon-q-developer-cli/vendor/solfunmeme-dioxus/vendor/float-cmp. Skipping.
Checking submodule: source/github/meta-introspector/ragit/vendor/amazon-q-developer-cli/vendor/solfunmeme-dioxus/vendor/gline-rs
No flake.nix found in source/github/meta-introspector/ragit/vendor/amazon-q-developer-cli/vendor/solfunmeme-dioxus/vendor/gline-rs. Skipping.
Checking submodule: source/github/meta-introspector/ragit/vendor/amazon-q-developer-cli/vendor/solfunmeme-dioxus/vendor/json-ld
No flake.nix found in source/github/meta-introspector/ragit/vendor/amazon-q-developer-cli/vendor/solfunmeme-dioxus/vendor/json-ld. Skipping.
Checking submodule: source/github/meta-introspector/ragit/vendor/amazon-q-developer-cli/vendor/solfunmeme-dioxus/vendor/json-ld/tests/json-ld-api
No flake.nix found in source/github/meta-introspector/ragit/vendor/amazon-q-developer-cli/vendor/solfunmeme-dioxus/vendor/json-ld/tests/json-ld-api. Skipping.
Checking submodule: source/github/meta-introspector/ragit/vendor/amazon-q-developer-cli/vendor/solfunmeme-dioxus/vendor/keyword-extraction-rs
No flake.nix found in source/github/meta-introspector/ragit/vendor/amazon-q-developer-cli/vendor/solfunmeme-dioxus/vendor/keyword-extraction-rs. Skipping.
Checking submodule: source/github/meta-introspector/ragit/vendor/amazon-q-developer-cli/vendor/solfunmeme-dioxus/vendor/layered-nlp
No flake.nix found in source/github/meta-introspector/ragit/vendor/amazon-q-developer-cli/vendor/solfunmeme-dioxus/vendor/layered-nlp. Skipping.
Checking submodule: source/github/meta-introspector/ragit/vendor/amazon-q-developer-cli/vendor/solfunmeme-dioxus/vendor/linfa
No flake.nix found in source/github/meta-introspector/ragit/vendor/amazon-q-developer-cli/vendor/solfunmeme-dioxus/vendor/linfa. Skipping.
Checking submodule: source/github/meta-introspector/ragit/vendor/amazon-q-developer-cli/vendor/solfunmeme-dioxus/vendor/llms-from-scratch-rs
No flake.nix found in source/github/meta-introspector/ragit/vendor/amazon-q-developer-cli/vendor/solfunmeme-dioxus/vendor/llms-from-scratch-rs. Skipping.
Checking submodule: source/github/meta-introspector/ragit/vendor/amazon-q-developer-cli/vendor/solfunmeme-dioxus/vendor/model2vec-rs
No flake.nix found in source/github/meta-introspector/ragit/vendor/amazon-q-developer-cli/vendor/solfunmeme-dioxus/vendor/model2vec-rs. Skipping.
Checking submodule: source/github/meta-introspector/ragit/vendor/amazon-q-developer-cli/vendor/solfunmeme-dioxus/vendor/orp
No flake.nix found in source/github/meta-introspector/ragit/vendor/amazon-q-developer-cli/vendor/solfunmeme-dioxus/vendor/orp. Skipping.
Checking submodule: source/github/meta-introspector/ragit/vendor/amazon-q-developer-cli/vendor/solfunmeme-dioxus/vendor/rhai
No flake.nix found in source/github/meta-introspector/ragit/vendor/amazon-q-developer-cli/vendor/solfunmeme-dioxus/vendor/rhai. Skipping.
Checking submodule: source/github/meta-introspector/ragit/vendor/amazon-q-developer-cli/vendor/solfunmeme-dioxus/vendor/rust-embed
No flake.nix found in source/github/meta-introspector/ragit/vendor/amazon-q-developer-cli/vendor/solfunmeme-dioxus/vendor/rust-embed. Skipping.
Checking submodule: source/github/meta-introspector/ragit/vendor/amazon-q-developer-cli/vendor/solfunmeme-dioxus/vendor/rust_libloading
No flake.nix found in source/github/meta-introspector/ragit/vendor/amazon-q-developer-cli/vendor/solfunmeme-dioxus/vendor/rust_libloading. Skipping.
Checking submodule: source/github/meta-introspector/ragit/vendor/amazon-q-developer-cli/vendor/solfunmeme-dioxus/vendor/solana-airdrop-service
No flake.nix found in source/github/meta-introspector/ragit/vendor/amazon-q-developer-cli/vendor/solfunmeme-dioxus/vendor/solana-airdrop-service. Skipping.
Checking submodule: source/github/meta-introspector/ragit/vendor/amazon-q-developer-cli/vendor/solfunmeme-dioxus/vendor/sophia_rs
No flake.nix found in source/github/meta-introspector/ragit/vendor/amazon-q-developer-cli/vendor/solfunmeme-dioxus/vendor/sophia_rs. Skipping.
Checking submodule: source/github/meta-introspector/ragit/vendor/amazon-q-developer-cli/vendor/solfunmeme-dioxus/vendor/steel
Found flake.nix in source/github/meta-introspector/ragit/vendor/amazon-q-developer-cli/vendor/solfunmeme-dioxus/vendor/steel. Processing...
Found the following submodules to process: source/github/meta-introspector/ragit/vendor/amazon-q-developer-cli/vendor/solfunmeme-dioxus/vendor/steel
--- Processing steel at source/github/meta-introspector/ragit/vendor/amazon-q-developer-cli/vendor/solfunmeme-dioxus/vendor/steel ---
Branch feature/CRQ-016-nixify-workflow already exists. Checking it out.
Committing changes in /data/data/com.termux.nix/files/home/pick-up-nix2/source/github/meta-introspector/ragit/vendor/amazon-q-developer-cli/vendor/solfunmeme-dioxus/vendor/steel for CRQ-016
No changes to commit.
Commit successful for CRQ-016 in source/github/meta-introspector/ragit/vendor/amazon-q-developer-cli/vendor/solfunmeme-dioxus/vendor/steel.
Pushing changes...
Finished processing source/github/meta-introspector/ragit/vendor/amazon-q-developer-cli/vendor/solfunmeme-dioxus/vendor/steel
Checking submodule: source/github/meta-introspector/ragit/vendor/amazon-q-developer-cli/vendor/solfunmeme-dioxus/vendor/tantivy
No flake.nix found in source/github/meta-introspector/ragit/vendor/amazon-q-developer-cli/vendor/solfunmeme-dioxus/vendor/tantivy. Skipping.
Checking submodule: source/github/meta-introspector/ragit/vendor/amazon-q-developer-cli/vendor/solfunmeme-dioxus/vendor/tclifford
No flake.nix found in source/github/meta-introspector/ragit/vendor/amazon-q-developer-cli/vendor/solfunmeme-dioxus/vendor/tclifford. Skipping.
Checking submodule: source/github/meta-introspector/ragit/vendor/amazon-q-developer-cli/vendor/solfunmeme-dioxus/vendor/tongrams-rs
No flake.nix found in source/github/meta-introspector/ragit/vendor/amazon-q-developer-cli/vendor/solfunmeme-dioxus/vendor/tongrams-rs. Skipping.
Checking submodule: source/github/meta-introspector/ragit/vendor/amazon-q-developer-cli/vendor/solfunmeme-dioxus/vendor/vaporetto
No flake.nix found in source/github/meta-introspector/ragit/vendor/amazon-q-developer-cli/vendor/solfunmeme-dioxus/vendor/vaporetto. Skipping.
Checking submodule: source/github/meta-introspector/ragit/vendor/amazon-q-developer-cli/vendor/solfunmeme-dioxus/vendor/vibrato
No flake.nix found in source/github/meta-introspector/ragit/vendor/amazon-q-developer-cli/vendor/solfunmeme-dioxus/vendor/vibrato. Skipping.
Checking submodule: source/github/meta-introspector/ragit/vendor/ask_gemini
No flake.nix found in source/github/meta-introspector/ragit/vendor/ask_gemini. Skipping.
Checking submodule: source/github/meta-introspector/ragit/vendor/askrepo
No flake.nix found in source/github/meta-introspector/ragit/vendor/askrepo. Skipping.
Checking submodule: source/github/meta-introspector/ragit/vendor/ast-grep
No flake.nix found in source/github/meta-introspector/ragit/vendor/ast-grep. Skipping.
Checking submodule: source/github/meta-introspector/ragit/vendor/coccinelleforrust
No flake.nix found in source/github/meta-introspector/ragit/vendor/coccinelleforrust. Skipping.
Checking submodule: source/github/meta-introspector/ragit/vendor/comby
No flake.nix found in source/github/meta-introspector/ragit/vendor/comby. Skipping.
Checking submodule: source/github/meta-introspector/ragit/vendor/comby-rust
No flake.nix found in source/github/meta-introspector/ragit/vendor/comby-rust. Skipping.
Checking submodule: source/github/meta-introspector/ragit/vendor/em-refactor
No flake.nix found in source/github/meta-introspector/ragit/vendor/em-refactor. Skipping.
Checking submodule: source/github/meta-introspector/ragit/vendor/extricrate
No flake.nix found in source/github/meta-introspector/ragit/vendor/extricrate. Skipping.
Checking submodule: source/github/meta-introspector/ragit/vendor/frustum
No flake.nix found in source/github/meta-introspector/ragit/vendor/frustum. Skipping.
Checking submodule: source/github/meta-introspector/ragit/vendor/google-ai-rs
No flake.nix found in source/github/meta-introspector/ragit/vendor/google-ai-rs. Skipping.
Checking submodule: source/github/meta-introspector/ragit/vendor/google-oauth
No flake.nix found in source/github/meta-introspector/ragit/vendor/google-oauth. Skipping.
Checking submodule: source/github/meta-introspector/ragit/vendor/llm
No flake.nix found in source/github/meta-introspector/ragit/vendor/llm. Skipping.
Checking submodule: source/github/meta-introspector/ragit/vendor/llmclient
No flake.nix found in source/github/meta-introspector/ragit/vendor/llmclient. Skipping.
Checking submodule: source/github/meta-introspector/ragit/vendor/meta-introspector/agave-solana-validator
No flake.nix found in source/github/meta-introspector/ragit/vendor/meta-introspector/agave-solana-validator. Skipping.
Checking submodule: source/github/meta-introspector/ragit/vendor/meta-introspector/ai-agent-terraform
No flake.nix found in source/github/meta-introspector/ragit/vendor/meta-introspector/ai-agent-terraform. Skipping.
Checking submodule: source/github/meta-introspector/ragit/vendor/meta-introspector/bootstrap
No flake.nix found in source/github/meta-introspector/ragit/vendor/meta-introspector/bootstrap. Skipping.
Checking submodule: source/github/meta-introspector/ragit/vendor/meta-introspector/hugging-face-dataset-validator-rust
No flake.nix found in source/github/meta-introspector/ragit/vendor/meta-introspector/hugging-face-dataset-validator-rust. Skipping.
Checking submodule: source/github/meta-introspector/ragit/vendor/meta-introspector/meta-meme
No flake.nix found in source/github/meta-introspector/ragit/vendor/meta-introspector/meta-meme. Skipping.
Checking submodule: source/github/meta-introspector/ragit/vendor/meta-introspector/quasi-meta-meme
No flake.nix found in source/github/meta-introspector/ragit/vendor/meta-introspector/quasi-meta-meme. Skipping.
Checking submodule: source/github/meta-introspector/ragit/vendor/meta-introspector/solfunmeme
No flake.nix found in source/github/meta-introspector/ragit/vendor/meta-introspector/solfunmeme. Skipping.
Checking submodule: source/github/meta-introspector/ragit/vendor/meta-introspector/solfunmeme-dioxus
No flake.nix found in source/github/meta-introspector/ragit/vendor/meta-introspector/solfunmeme-dioxus. Skipping.
Checking submodule: source/github/meta-introspector/ragit/vendor/mownstr
No flake.nix found in source/github/meta-introspector/ragit/vendor/mownstr. Skipping.
Checking submodule: source/github/meta-introspector/ragit/vendor/ploke
No flake.nix found in source/github/meta-introspector/ragit/vendor/ploke. Skipping.
Checking submodule: source/github/meta-introspector/ragit/vendor/refren
No flake.nix found in source/github/meta-introspector/ragit/vendor/refren. Skipping.
Checking submodule: source/github/meta-introspector/ragit/vendor/rem
No flake.nix found in source/github/meta-introspector/ragit/vendor/rem. Skipping.
Checking submodule: source/github/meta-introspector/ragit/vendor/rust-analyzer
No flake.nix found in source/github/meta-introspector/ragit/vendor/rust-analyzer. Skipping.
Checking submodule: source/github/meta-introspector/ragit/vendor/rust-clippy
No flake.nix found in source/github/meta-introspector/ragit/vendor/rust-clippy. Skipping.
Checking submodule: source/github/meta-introspector/ragit/vendor/rust-embed
No flake.nix found in source/github/meta-introspector/ragit/vendor/rust-embed. Skipping.
Checking submodule: source/github/meta-introspector/ragit/vendor/rust-refactor
No flake.nix found in source/github/meta-introspector/ragit/vendor/rust-refactor. Skipping.
Checking submodule: source/github/meta-introspector/ragit/vendor/scientisto
No flake.nix found in source/github/meta-introspector/ragit/vendor/scientisto. Skipping.
Checking submodule: source/github/meta-introspector/ragit/vendor/solfunmeme-metameme
No flake.nix found in source/github/meta-introspector/ragit/vendor/solfunmeme-metameme. Skipping.
Checking submodule: source/github/meta-introspector/ragit/vendor/sophia_rs
No flake.nix found in source/github/meta-introspector/ragit/vendor/sophia_rs. Skipping.
Checking submodule: source/github/meta-introspector/ragit/vendor/spacemod
No flake.nix found in source/github/meta-introspector/ragit/vendor/spacemod. Skipping.
Checking submodule: source/github/meta-introspector/ragit/vendor/tclifford
No flake.nix found in source/github/meta-introspector/ragit/vendor/tclifford. Skipping.
Checking submodule: source/github/meta-introspector/solfunmeme
Found flake.nix in source/github/meta-introspector/solfunmeme. Processing...
Found the following submodules to process: source/github/meta-introspector/solfunmeme
--- Processing solfunmeme at source/github/meta-introspector/solfunmeme ---
Branch feature/CRQ-016-nixify-workflow already exists. Checking it out.
Committing changes in /data/data/com.termux.nix/files/home/pick-up-nix2/source/github/meta-introspector/solfunmeme for CRQ-016
No changes to commit.
Commit successful for CRQ-016 in source/github/meta-introspector/solfunmeme.
Pushing changes...
--- Finished solfunmeme ---

All submodules have been committed and pushed.
Finished processing source/github/meta-introspector/solfunmeme
Checking submodule: source/github/meta-introspector/streamofrandom
No flake.nix found in source/github/meta-introspector/streamofrandom. Skipping.
Checking submodule: source/github/meta-introspector/streamofrandom/2025
No flake.nix found in source/github/meta-introspector/streamofrandom/2025. Skipping.
Checking submodule: source/github/meta-introspector/streamofrandom/vendor/elizaos-plugins/plugin-twitter
No flake.nix found in source/github/meta-introspector/streamofrandom/vendor/elizaos-plugins/plugin-twitter. Skipping.
Checking submodule: source/github/meta-introspector/streamofrandom/vendor/livestream-tiktok-plugin
No flake.nix found in source/github/meta-introspector/streamofrandom/vendor/livestream-tiktok-plugin. Skipping.
Checking submodule: source/github/meta-introspector/streamofrandom/vendor/twitter-plugin
No flake.nix found in source/github/meta-introspector/streamofrandom/vendor/twitter-plugin. Skipping.
Checking submodule: source/github/meta-introspector/time
Found flake.nix in source/github/meta-introspector/time. Processing...
Found the following submodules to process: source/github/meta-introspector/time
--- Processing time at source/github/meta-introspector/time ---
Branch feature/CRQ-016-nixify-workflow already exists. Checking it out.
Committing changes in /data/data/com.termux.nix/files/home/pick-up-nix2/source/github/meta-introspector/time for CRQ-016
No changes to commit.
Commit successful for CRQ-016 in source/github/meta-introspector/time.
Pushing changes...
--- Finished time ---

All submodules have been committed and pushed.
Finished processing source/github/meta-introspector/time
Checking submodule: vendor/ebpf/aya
No flake.nix found in vendor/ebpf/aya. Skipping.
Checking submodule: vendor/ebpf/bpfjit
No flake.nix found in vendor/ebpf/bpfjit. Skipping.
Checking submodule: vendor/ebpf/bpfman
No flake.nix found in vendor/ebpf/bpfman. Skipping.
Checking submodule: vendor/ebpf/clean-dns-bpf
No flake.nix found in vendor/ebpf/clean-dns-bpf. Skipping.
Checking submodule: vendor/ebpf/eadb
No flake.nix found in vendor/ebpf/eadb. Skipping.
Checking submodule: vendor/ebpf/ebpfguard
No flake.nix found in vendor/ebpf/ebpfguard. Skipping.
Checking submodule: vendor/ebpf/libbpf-rs
No flake.nix found in vendor/ebpf/libbpf-rs. Skipping.
Checking submodule: vendor/ebpf/rbpf
No flake.nix found in vendor/ebpf/rbpf. Skipping.
Checking submodule: vendor/external/amazon-q-developer-cli
No flake.nix found in vendor/external/amazon-q-developer-cli. Skipping.
Checking submodule: vendor/external/asciinema
Found flake.nix in vendor/external/asciinema. Processing...
Found the following submodules to process: vendor/external/asciinema
--- Processing asciinema at vendor/external/asciinema ---
Branch feature/CRQ-016-nixify-workflow already exists. Checking it out.
Committing changes in /data/data/com.termux.nix/files/home/pick-up-nix2/vendor/external/asciinema for CRQ-016
No changes to commit.
Commit successful for CRQ-016 in vendor/external/asciinema.
Pushing changes...
--- Finished asciinema ---

All submodules have been committed and pushed.
Finished processing vendor/external/asciinema
Checking submodule: vendor/external/asciinema-scenario
Found flake.nix in vendor/external/asciinema-scenario. Processing...
Found the following submodules to process: vendor/external/asciinema-scenario
--- Processing asciinema-scenario at vendor/external/asciinema-scenario ---
Branch feature/CRQ-016-nixify-workflow already exists. Checking it out.
Committing changes in /data/data/com.termux.nix/files/home/pick-up-nix2/vendor/external/asciinema-scenario for CRQ-016
No changes to commit.
Commit successful for CRQ-016 in vendor/external/asciinema-scenario.
Pushing changes...
--- Finished asciinema-scenario ---

All submodules have been committed and pushed.
Finished processing vendor/external/asciinema-scenario
Checking submodule: vendor/external/bitchat-solana-zos-solfunmeme
No flake.nix found in vendor/external/bitchat-solana-zos-solfunmeme. Skipping.
Checking submodule: vendor/external/bootstrap
No flake.nix found in vendor/external/bootstrap. Skipping.
Checking submodule: vendor/external/bootstrap-meme
No flake.nix found in vendor/external/bootstrap-meme. Skipping.
Checking submodule: vendor/external/coccinelleforrust_personal_mirror
No flake.nix found in vendor/external/coccinelleforrust_personal_mirror. Skipping.
Checking submodule: vendor/external/emojis-rs
No flake.nix found in vendor/external/emojis-rs. Skipping.
Checking submodule: vendor/external/forgejo-python
No flake.nix found in vendor/external/forgejo-python. Skipping.
Checking submodule: vendor/external/gemini-cli
No flake.nix found in vendor/external/gemini-cli. Skipping.
Checking submodule: vendor/external/github-issues-export-rs
No flake.nix found in vendor/external/github-issues-export-rs. Skipping.
Checking submodule: vendor/external/grok-cli
No flake.nix found in vendor/external/grok-cli. Skipping.
Checking submodule: vendor/external/hugging-face-dataset-validator-rust
No flake.nix found in vendor/external/hugging-face-dataset-validator-rust. Skipping.
Checking submodule: vendor/external/introspector-llc
No flake.nix found in vendor/external/introspector-llc. Skipping.
Checking submodule: vendor/external/meta-meme
No flake.nix found in vendor/external/meta-meme. Skipping.
Checking submodule: vendor/external/minizinc-introspector
No flake.nix found in vendor/external/minizinc-introspector. Skipping.
Checking submodule: vendor/external/monomcp-rust
No flake.nix found in vendor/external/monomcp-rust. Skipping.
Checking submodule: vendor/external/n00b
No flake.nix found in vendor/external/n00b. Skipping.
Checking submodule: vendor/external/nix-asciinema-agg
Found flake.nix in vendor/external/nix-asciinema-agg. Processing...
Found the following submodules to process: vendor/external/nix-asciinema-agg
--- Processing nix-asciinema-agg at vendor/external/nix-asciinema-agg ---
Branch feature/CRQ-016-nixify-workflow already exists. Checking it out.
Committing changes in /data/data/com.termux.nix/files/home/pick-up-nix2/vendor/external/nix-asciinema-agg for CRQ-016
No changes to commit.
Commit successful for CRQ-016 in vendor/external/nix-asciinema-agg.
Pushing changes...
--- Finished nix-asciinema-agg ---

All submodules have been committed and pushed.
Finished processing vendor/external/nix-asciinema-agg
Checking submodule: vendor/external/ragit
No flake.nix found in vendor/external/ragit. Skipping.
Checking submodule: vendor/external/rust
No flake.nix found in vendor/external/rust. Skipping.
Checking submodule: vendor/external/solfunmeme-banner
No flake.nix found in vendor/external/solfunmeme-banner. Skipping.
Checking submodule: vendor/external/solfunmeme-dioxus
No flake.nix found in vendor/external/solfunmeme-dioxus. Skipping.
Checking submodule: vendor/external/solfunmeme-metameme
No flake.nix found in vendor/external/solfunmeme-metameme. Skipping.
Checking submodule: vendor/external/solfunmeme-model-builder-quiz
No flake.nix found in vendor/external/solfunmeme-model-builder-quiz. Skipping.
Checking submodule: vendor/external/sophia_rs
No flake.nix found in vendor/external/sophia_rs. Skipping.
Checking submodule: vendor/external/tclifford
No flake.nix found in vendor/external/tclifford. Skipping.
Checking submodule: vendor/external/tmux
No flake.nix found in vendor/external/tmux. Skipping.
Checking submodule: vendor/external/tmux-interface-rs
No flake.nix found in vendor/external/tmux-interface-rs. Skipping.
Checking submodule: vendor/external/trident
No flake.nix found in vendor/external/trident. Skipping.
Checking submodule: vendor/external/turbomcp
No flake.nix found in vendor/external/turbomcp. Skipping.
Checking submodule: vendor/guix/guix
No flake.nix found in vendor/guix/guix. Skipping.
Checking submodule: vendor/guix/mes
No flake.nix found in vendor/guix/mes. Skipping.
Checking submodule: vendor/hooks/rusty-hook
No flake.nix found in vendor/hooks/rusty-hook. Skipping.
Checking submodule: vendor/hooks/shebling
No flake.nix found in vendor/hooks/shebling. Skipping.
Checking submodule: vendor/hooks/shellcheck-precommit
No flake.nix found in vendor/hooks/shellcheck-precommit. Skipping.
Checking submodule: vendor/lang-c
No flake.nix found in vendor/lang-c. Skipping.
Checking submodule: vendor/lint/cachix-git-hooks.nix
Found flake.nix in vendor/lint/cachix-git-hooks.nix. Processing...
Found the following submodules to process: vendor/lint/cachix-git-hooks.nix
--- Processing cachix-git-hooks.nix at vendor/lint/cachix-git-hooks.nix ---
Branch feature/CRQ-016-nixify-workflow already exists. Checking it out.
Committing changes in /data/data/com.termux.nix/files/home/pick-up-nix2/vendor/lint/cachix-git-hooks.nix for CRQ-016
No changes to commit.
Commit successful for CRQ-016 in vendor/lint/cachix-git-hooks.nix.
Pushing changes...
Creating fork...
Finished processing vendor/lint/cachix-git-hooks.nix
Checking submodule: vendor/lint/git-hooks.nix
Found flake.nix in vendor/lint/git-hooks.nix. Processing...
Found the following submodules to process: vendor/lint/git-hooks.nix
--- Processing git-hooks.nix at vendor/lint/git-hooks.nix ---
Branch feature/CRQ-016-nixify-workflow already exists. Checking it out.
Committing changes in /data/data/com.termux.nix/files/home/pick-up-nix2/vendor/lint/git-hooks.nix for CRQ-016
No changes to commit.
Commit successful for CRQ-016 in vendor/lint/git-hooks.nix.
Pushing changes...
--- Finished git-hooks.nix ---

All submodules have been committed and pushed.
Finished processing vendor/lint/git-hooks.nix
Checking submodule: vendor/lint/shellcheck
No flake.nix found in vendor/lint/shellcheck. Skipping.
Checking submodule: vendor/mkAIDerivation
Found flake.nix in vendor/mkAIDerivation. Processing...
Found the following submodules to process: vendor/mkAIDerivation
--- Processing mkAIDerivation at vendor/mkAIDerivation ---
Branch feature/CRQ-016-nixify-workflow already exists. Checking it out.
Committing changes in /data/data/com.termux.nix/files/home/pick-up-nix2/vendor/mkAIDerivation for CRQ-016
No changes to commit.
Commit successful for CRQ-016 in vendor/mkAIDerivation.
Pushing changes...
--- Finished mkAIDerivation ---

All submodules have been committed and pushed.
Finished processing vendor/mkAIDerivation
Checking submodule: vendor/nix-on-droid
Found flake.nix in vendor/nix-on-droid. Processing...
Found the following submodules to process: vendor/nix-on-droid
--- Processing nix-on-droid at vendor/nix-on-droid ---
Branch feature/CRQ-016-nixify-workflow already exists. Checking it out.
Committing changes in /data/data/com.termux.nix/files/home/pick-up-nix2/vendor/nix-on-droid for CRQ-016
No changes to commit.
Commit successful for CRQ-016 in vendor/nix-on-droid.
Pushing changes...
--- Finished nix-on-droid ---

All submodules have been committed and pushed.
Finished processing vendor/nix-on-droid
Checking submodule: vendor/nix/flake-utils
Found flake.nix in vendor/nix/flake-utils. Processing...
Found the following submodules to process: vendor/nix/flake-utils
--- Processing flake-utils at vendor/nix/flake-utils ---
Branch feature/CRQ-016-nixify-workflow already exists. Checking it out.
Committing changes in /data/data/com.termux.nix/files/home/pick-up-nix2/vendor/nix/flake-utils for CRQ-016
No changes to commit.
Commit successful for CRQ-016 in vendor/nix/flake-utils.
Pushing changes...
--- Finished flake-utils ---

All submodules have been committed and pushed.
Finished processing vendor/nix/flake-utils
Checking submodule: vendor/nix/nil
Found flake.nix in vendor/nix/nil. Processing...
Found the following submodules to process: vendor/nix/nil
--- Processing nil at vendor/nix/nil ---
Branch feature/CRQ-016-nixify-workflow already exists. Checking it out.
Committing changes in /data/data/com.termux.nix/files/home/pick-up-nix2/vendor/nix/nil for CRQ-016
No changes to commit.
Commit successful for CRQ-016 in vendor/nix/nil.
Pushing changes...
--- Finished nil ---

All submodules have been committed and pushed.
Finished processing vendor/nix/nil
Checking submodule: vendor/nix/nix
Found flake.nix in vendor/nix/nix. Processing...
Found the following submodules to process: vendor/nix/nix
--- Processing nix at vendor/nix/nix ---
Branch feature/CRQ-016-nixify-workflow already exists. Checking it out.
Committing changes in /data/data/com.termux.nix/files/home/pick-up-nix2/vendor/nix/nix for CRQ-016
No changes to commit.
Commit successful for CRQ-016 in vendor/nix/nix.
Pushing changes...
--- Finished nix ---

All submodules have been committed and pushed.
Finished processing vendor/nix/nix
Checking submodule: vendor/nix/nix-config-merger
No flake.nix found in vendor/nix/nix-config-merger. Skipping.
Checking submodule: vendor/nix/nix-direnv
Found flake.nix in vendor/nix/nix-direnv. Processing...
Found the following submodules to process: vendor/nix/nix-direnv
--- Processing nix-direnv at vendor/nix/nix-direnv ---
Branch feature/CRQ-016-nixify-workflow already exists. Checking it out.
Committing changes in /data/data/com.termux.nix/files/home/pick-up-nix2/vendor/nix/nix-direnv for CRQ-016
No changes to commit.
Commit successful for CRQ-016 in vendor/nix/nix-direnv.
Pushing changes...
--- Finished nix-direnv ---

All submodules have been committed and pushed.
Finished processing vendor/nix/nix-direnv
Checking submodule: vendor/nix/nix-files-comparator
No flake.nix found in vendor/nix/nix-files-comparator. Skipping.
Checking submodule: vendor/nix/nixpacks
Found flake.nix in vendor/nix/nixpacks. Processing...
Found the following submodules to process: vendor/nix/nixpacks
--- Processing nixpacks at vendor/nix/nixpacks ---
Branch feature/CRQ-016-nixify-workflow already exists. Checking it out.
Your branch is up to date with 'origin/feature/CRQ-016-nixify-workflow'.
Committing changes in /data/data/com.termux.nix/files/home/pick-up-nix2/vendor/nix/nixpacks for CRQ-016
No changes to commit.
Commit successful for CRQ-016 in vendor/nix/nixpacks.
Pushing changes...
--- Finished nixpacks ---

All submodules have been committed and pushed.
Finished processing vendor/nix/nixpacks
Checking submodule: vendor/nix/nixpkgs-lint
Found flake.nix in vendor/nix/nixpkgs-lint. Processing...
Found the following submodules to process: vendor/nix/nixpkgs-lint
--- Processing nixpkgs-lint at vendor/nix/nixpkgs-lint ---
Branch feature/CRQ-016-nixify-workflow already exists. Checking it out.
Committing changes in /data/data/com.termux.nix/files/home/pick-up-nix2/vendor/nix/nixpkgs-lint for CRQ-016
No changes to commit.
Commit successful for CRQ-016 in vendor/nix/nixpkgs-lint.
Pushing changes...
--- Finished nixpkgs-lint ---

All submodules have been committed and pushed.
Finished processing vendor/nix/nixpkgs-lint
Checking submodule: vendor/nix/nixtract
Found flake.nix in vendor/nix/nixtract. Processing...
Found the following submodules to process: vendor/nix/nixtract
--- Processing nixtract at vendor/nix/nixtract ---
Branch feature/CRQ-016-nixify-workflow already exists. Checking it out.
Committing changes in /data/data/com.termux.nix/files/home/pick-up-nix2/vendor/nix/nixtract for CRQ-016
No changes to commit.
Commit successful for CRQ-016 in vendor/nix/nixtract.
Pushing changes...
--- Finished nixtract ---

All submodules have been committed and pushed.
Finished processing vendor/nix/nixtract
Checking submodule: vendor/nix/renix
Found flake.nix in vendor/nix/renix. Processing...
Found the following submodules to process: vendor/nix/renix
--- Processing renix at vendor/nix/renix ---
Branch feature/CRQ-016-nixify-workflow already exists. Checking it out.
Committing changes in /data/data/com.termux.nix/files/home/pick-up-nix2/vendor/nix/renix for CRQ-016
No changes to commit.
Commit successful for CRQ-016 in vendor/nix/renix.
Pushing changes...
--- Finished renix ---

All submodules have been committed and pushed.
Finished processing vendor/nix/renix
Checking submodule: vendor/nix/rnix-parser-tester
Found flake.nix in vendor/nix/rnix-parser-tester. Processing...
Found the following submodules to process: vendor/nix/rnix-parser-tester
--- Processing rnix-parser-tester at vendor/nix/rnix-parser-tester ---
Branch feature/CRQ-016-nixify-workflow already exists. Checking it out.
Committing changes in /data/data/com.termux.nix/files/home/pick-up-nix2/vendor/nix/rnix-parser-tester for CRQ-016
No changes to commit.
Commit successful for CRQ-016 in vendor/nix/rnix-parser-tester.
Pushing changes...
--- Finished rnix-parser-tester ---

All submodules have been committed and pushed.
Finished processing vendor/nix/rnix-parser-tester
Checking submodule: vendor/nix/tvix
No flake.nix found in vendor/nix/tvix. Skipping.
Checking submodule: vendor/nixpkgs
Found flake.nix in vendor/nixpkgs. Processing...
Found the following submodules to process: vendor/nixpkgs
--- Processing nixpkgs at vendor/nixpkgs ---
Branch feature/CRQ-016-nixify-workflow already exists. Checking it out.
Committing changes in /data/data/com.termux.nix/files/home/pick-up-nix2/vendor/nixpkgs for CRQ-016
No changes to commit.
Commit successful for CRQ-016 in vendor/nixpkgs.
Pushing changes...
--- Finished nixpkgs ---

All submodules have been committed and pushed.
Finished processing vendor/nixpkgs
Checking submodule: vendor/plantuml-stdlib/C4-PlantUML
No flake.nix found in vendor/plantuml-stdlib/C4-PlantUML. Skipping.
Checking submodule: vendor/rnix-parser
Found flake.nix in vendor/rnix-parser. Processing...
Found the following submodules to process: vendor/rnix-parser
--- Processing rnix-parser at vendor/rnix-parser ---
Branch feature/CRQ-016-nixify-workflow already exists. Checking it out.
Committing changes in /data/data/com.termux.nix/files/home/pick-up-nix2/vendor/rnix-parser for CRQ-016
No changes to commit.
Commit successful for CRQ-016 in vendor/rnix-parser.
Pushing changes...
--- Finished rnix-parser ---

All submodules have been committed and pushed.
Finished processing vendor/rnix-parser
Checking submodule: vendor/rust-index-guix
No flake.nix found in vendor/rust-index-guix. Skipping.
Checking submodule: vendor/steel
Found flake.nix in vendor/steel. Processing...
Found the following submodules to process: vendor/steel
--- Processing steel at vendor/steel ---
Branch feature/CRQ-016-nixify-workflow already exists. Checking it out.
Committing changes in /data/data/com.termux.nix/files/home/pick-up-nix2/vendor/steel for CRQ-016
No changes to commit.
Commit successful for CRQ-016 in vendor/steel.
Pushing changes...
--- Finished steel ---

All submodules have been committed and pushed.
Finished processing vendor/steel
Checking submodule: vendor/strace/dutchcoders-trace
No flake.nix found in vendor/strace/dutchcoders-trace. Skipping.
Checking submodule: vendor/strace/intentrace
No flake.nix found in vendor/strace/intentrace. Skipping.
Checking submodule: vendor/strace/lurk
No flake.nix found in vendor/strace/lurk. Skipping.
Checking submodule: vendor/strace/rstrace
No flake.nix found in vendor/strace/rstrace. Skipping.
Checking submodule: vendor/tools/detect-duplicates
Found flake.nix in vendor/tools/detect-duplicates. Processing...
Found the following submodules to process: vendor/tools/detect-duplicates
--- Processing detect-duplicates at vendor/tools/detect-duplicates ---
Branch feature/CRQ-016-nixify-workflow already exists. Checking it out.
Committing changes in /data/data/com.termux.nix/files/home/pick-up-nix2/vendor/tools/detect-duplicates for CRQ-016
No changes to commit.
Commit successful for CRQ-016 in vendor/tools/detect-duplicates.
Pushing changes...
--- Finished detect-duplicates ---

All submodules have been committed and pushed.
Finished processing vendor/tools/detect-duplicates
Finished submodule flake processing at Sun Sep 21 04:31:05 AM UTC 2025
Starting submodule flake processing at Sun Sep 21 04:31:36 AM UTC 2025
Checking submodule: .github/actions/cache
No flake.nix found in .github/actions/cache. Skipping.
Checking submodule: .github/actions/cache-nix-action
Found flake.nix in .github/actions/cache-nix-action. Processing...
Found the following submodules to process: .github/actions/cache-nix-action
--- Processing cache-nix-action at .github/actions/cache-nix-action ---
Branch feature/CRQ-016-nixify-workflow already exists. Checking it out.
Committing changes in /data/data/com.termux.nix/files/home/pick-up-nix2/.github/actions/cache-nix-action for CRQ-016
No changes to commit.
Commit successful for CRQ-016 in .github/actions/cache-nix-action.
Pushing changes...
--- Finished cache-nix-action ---

All submodules have been committed and pushed.
Finished processing .github/actions/cache-nix-action
Checking submodule: .github/actions/cache-nix-action/deps/actions/toolkit
No flake.nix found in .github/actions/cache-nix-action/deps/actions/toolkit. Skipping.
Checking submodule: .github/actions/cache-nix-action/deps/buildjet/toolkit
No flake.nix found in .github/actions/cache-nix-action/deps/buildjet/toolkit. Skipping.
Checking submodule: .github/actions/checkout
No flake.nix found in .github/actions/checkout. Skipping.
Checking submodule: .github/actions/install-nix-action
No flake.nix found in .github/actions/install-nix-action. Skipping.
Checking submodule: .github/actions/nix-github-actions
Found flake.nix in .github/actions/nix-github-actions. Processing...
Found the following submodules to process: .github/actions/nix-github-actions
--- Processing nix-github-actions at .github/actions/nix-github-actions ---
Branch feature/CRQ-016-nixify-workflow already exists. Checking it out.
Committing changes in /data/data/com.termux.nix/files/home/pick-up-nix2/.github/actions/nix-github-actions for CRQ-016
No changes to commit.
Commit successful for CRQ-016 in .github/actions/nix-github-actions.
Pushing changes...
--- Finished nix-github-actions ---

All submodules have been committed and pushed.
Finished processing .github/actions/nix-github-actions
Checking submodule: .github/actions/nix-installer-action
Found flake.nix in .github/actions/nix-installer-action. Processing...
Found the following submodules to process: .github/actions/nix-installer-action
--- Processing nix-installer-action at .github/actions/nix-installer-action ---
Branch feature/CRQ-016-nixify-workflow already exists. Checking it out.
Committing changes in /data/data/com.termux.nix/files/home/pick-up-nix2/.github/actions/nix-installer-action for CRQ-016
No changes to commit.
Commit successful for CRQ-016 in .github/actions/nix-installer-action.
Pushing changes...
--- Finished nix-installer-action ---

All submodules have been committed and pushed.
Finished processing .github/actions/nix-installer-action
Checking submodule: .github/actions/upload-artifact
No flake.nix found in .github/actions/upload-artifact. Skipping.
Checking submodule: nixpacks
Found flake.nix in nixpacks. Processing...
Found the following submodules to process: nixpacks
--- Processing nixpacks at nixpacks ---
Branch feature/CRQ-016-nixify-workflow already exists. Checking it out.
Committing changes in /data/data/com.termux.nix/files/home/pick-up-nix2/nixpacks for CRQ-016
No changes to commit.
Commit successful for CRQ-016 in nixpacks.
Pushing changes...
--- Finished nixpacks ---

All submodules have been committed and pushed.
Finished processing nixpacks
Checking submodule: source/github/jmikedupont2/orgs/Escaped-RDFa/namespace
Found flake.nix in source/github/jmikedupont2/orgs/Escaped-RDFa/namespace. Processing...
Found the following submodules to process: source/github/jmikedupont2/orgs/Escaped-RDFa/namespace
--- Processing namespace at source/github/jmikedupont2/orgs/Escaped-RDFa/namespace ---
Branch feature/CRQ-016-nixify-workflow already exists. Checking it out.
Committing changes in /data/data/com.termux.nix/files/home/pick-up-nix2/source/github/jmikedupont2/orgs/Escaped-RDFa/namespace for CRQ-016
No changes to commit.
Commit successful for CRQ-016 in source/github/jmikedupont2/orgs/Escaped-RDFa/namespace.
Pushing changes...
Renaming origin to upstream.
Finished processing source/github/jmikedupont2/orgs/Escaped-RDFa/namespace
Checking submodule: source/github/meta-introspector/git-submodule-tools-rs
No flake.nix found in source/github/meta-introspector/git-submodule-tools-rs. Skipping.
Checking submodule: source/github/meta-introspector/git-submodule-tools-rs/vendor/cargo_metadata
No flake.nix found in source/github/meta-introspector/git-submodule-tools-rs/vendor/cargo_metadata. Skipping.
Checking submodule: source/github/meta-introspector/git-submodule-tools-rs/vendor/meta-introspector/meta-meme
No flake.nix found in source/github/meta-introspector/git-submodule-tools-rs/vendor/meta-introspector/meta-meme. Skipping.
Checking submodule: source/github/meta-introspector/git-submodule-tools-rs/vendor/meta-introspector/meta-meme.wiki
No flake.nix found in source/github/meta-introspector/git-submodule-tools-rs/vendor/meta-introspector/meta-meme.wiki. Skipping.
Checking submodule: source/github/meta-introspector/git-submodule-tools-rs/vendor/meta-introspector/mkAIDerivation
Found flake.nix in source/github/meta-introspector/git-submodule-tools-rs/vendor/meta-introspector/mkAIDerivation. Processing...
Found the following submodules to process: source/github/meta-introspector/git-submodule-tools-rs/vendor/meta-introspector/mkAIDerivation
--- Processing mkAIDerivation at source/github/meta-introspector/git-submodule-tools-rs/vendor/meta-introspector/mkAIDerivation ---
Branch feature/CRQ-016-nixify-workflow already exists. Checking it out.
Committing changes in /data/data/com.termux.nix/files/home/pick-up-nix2/source/github/meta-introspector/git-submodule-tools-rs/vendor/meta-introspector/mkAIDerivation for CRQ-016
No changes to commit.
Commit successful for CRQ-016 in source/github/meta-introspector/git-submodule-tools-rs/vendor/meta-introspector/mkAIDerivation.
Pushing changes...
--- Finished mkAIDerivation ---

All submodules have been committed and pushed.
Finished processing source/github/meta-introspector/git-submodule-tools-rs/vendor/meta-introspector/mkAIDerivation
Checking submodule: source/github/meta-introspector/git-submodule-tools-rs/vendor/octocrab
No flake.nix found in source/github/meta-introspector/git-submodule-tools-rs/vendor/octocrab. Skipping.
Checking submodule: source/github/meta-introspector/git-submodule-tools-rs/vendor/zola
No flake.nix found in source/github/meta-introspector/git-submodule-tools-rs/vendor/zola. Skipping.
Checking submodule: source/github/meta-introspector/git-submodule-tools-rs/vendor/zola/components/config/sublime/syntaxes/Packages
No flake.nix found in source/github/meta-introspector/git-submodule-tools-rs/vendor/zola/components/config/sublime/syntaxes/Packages. Skipping.
Checking submodule: source/github/meta-introspector/git-submodule-tools-rs/vendor/zola/components/config/sublime/syntaxes/extra/Docker.tmbundle
No flake.nix found in source/github/meta-introspector/git-submodule-tools-rs/vendor/zola/components/config/sublime/syntaxes/extra/Docker.tmbundle. Skipping.
Checking submodule: source/github/meta-introspector/git-submodule-tools-rs/vendor/zola/components/config/sublime/syntaxes/extra/GDScript-sublime
No flake.nix found in source/github/meta-introspector/git-submodule-tools-rs/vendor/zola/components/config/sublime/syntaxes/extra/GDScript-sublime. Skipping.
Checking submodule: source/github/meta-introspector/git-submodule-tools-rs/vendor/zola/components/config/sublime/syntaxes/extra/GraphQL-SublimeText3
No flake.nix found in source/github/meta-introspector/git-submodule-tools-rs/vendor/zola/components/config/sublime/syntaxes/extra/GraphQL-SublimeText3. Skipping.
Checking submodule: source/github/meta-introspector/git-submodule-tools-rs/vendor/zola/components/config/sublime/syntaxes/extra/Julia-sublime
No flake.nix found in source/github/meta-introspector/git-submodule-tools-rs/vendor/zola/components/config/sublime/syntaxes/extra/Julia-sublime. Skipping.
Checking submodule: source/github/meta-introspector/git-submodule-tools-rs/vendor/zola/components/config/sublime/syntaxes/extra/LESS-sublime
No flake.nix found in source/github/meta-introspector/git-submodule-tools-rs/vendor/zola/components/config/sublime/syntaxes/extra/LESS-sublime. Skipping.
Checking submodule: source/github/meta-introspector/git-submodule-tools-rs/vendor/zola/components/config/sublime/syntaxes/extra/Sublime-CMakeLists
No flake.nix found in source/github/meta-introspector/git-submodule-tools-rs/vendor/zola/components/config/sublime/syntaxes/extra/Sublime-CMakeLists. Skipping.
Checking submodule: source/github/meta-introspector/git-submodule-tools-rs/vendor/zola/components/config/sublime/syntaxes/extra/Sublime-GenericConfig
No flake.nix found in source/github/meta-introspector/git-submodule-tools-rs/vendor/zola/components/config/sublime/syntaxes/extra/Sublime-GenericConfig. Skipping.
Checking submodule: source/github/meta-introspector/git-submodule-tools-rs/vendor/zola/components/config/sublime/syntaxes/extra/SublimeElmLanguageSupport
No flake.nix found in source/github/meta-introspector/git-submodule-tools-rs/vendor/zola/components/config/sublime/syntaxes/extra/SublimeElmLanguageSupport. Skipping.
Checking submodule: source/github/meta-introspector/git-submodule-tools-rs/vendor/zola/components/config/sublime/syntaxes/extra/SublimeFortran
No flake.nix found in source/github/meta-introspector/git-submodule-tools-rs/vendor/zola/components/config/sublime/syntaxes/extra/SublimeFortran. Skipping.
Checking submodule: source/github/meta-introspector/git-submodule-tools-rs/vendor/zola/components/config/sublime/syntaxes/extra/SublimeSass
No flake.nix found in source/github/meta-introspector/git-submodule-tools-rs/vendor/zola/components/config/sublime/syntaxes/extra/SublimeSass. Skipping.
Checking submodule: source/github/meta-introspector/git-submodule-tools-rs/vendor/zola/components/config/sublime/syntaxes/extra/SublimeTextLinkerSyntax
No flake.nix found in source/github/meta-introspector/git-submodule-tools-rs/vendor/zola/components/config/sublime/syntaxes/extra/SublimeTextLinkerSyntax. Skipping.
Checking submodule: source/github/meta-introspector/git-submodule-tools-rs/vendor/zola/components/config/sublime/syntaxes/extra/awk-sublime
No flake.nix found in source/github/meta-introspector/git-submodule-tools-rs/vendor/zola/components/config/sublime/syntaxes/extra/awk-sublime. Skipping.
Checking submodule: source/github/meta-introspector/git-submodule-tools-rs/vendor/zola/components/config/sublime/syntaxes/extra/elixir-sublime-syntax
No flake.nix found in source/github/meta-introspector/git-submodule-tools-rs/vendor/zola/components/config/sublime/syntaxes/extra/elixir-sublime-syntax. Skipping.
Checking submodule: source/github/meta-introspector/git-submodule-tools-rs/vendor/zola/components/config/sublime/syntaxes/extra/protobuf-syntax-highlighting
No flake.nix found in source/github/meta-introspector/git-submodule-tools-rs/vendor/zola/components/config/sublime/syntaxes/extra/protobuf-syntax-highlighting. Skipping.
Checking submodule: source/github/meta-introspector/git-submodule-tools-rs/vendor/zola/components/config/sublime/syntaxes/extra/sublime-clojure
No flake.nix found in source/github/meta-introspector/git-submodule-tools-rs/vendor/zola/components/config/sublime/syntaxes/extra/sublime-clojure. Skipping.
Checking submodule: source/github/meta-introspector/git-submodule-tools-rs/vendor/zola/components/config/sublime/syntaxes/extra/sublime-fish
No flake.nix found in source/github/meta-introspector/git-submodule-tools-rs/vendor/zola/components/config/sublime/syntaxes/extra/sublime-fish. Skipping.
Checking submodule: source/github/meta-introspector/git-submodule-tools-rs/vendor/zola/components/config/sublime/syntaxes/extra/sublime-glsl
No flake.nix found in source/github/meta-introspector/git-submodule-tools-rs/vendor/zola/components/config/sublime/syntaxes/extra/sublime-glsl. Skipping.
Checking submodule: source/github/meta-introspector/git-submodule-tools-rs/vendor/zola/components/config/sublime/syntaxes/extra/sublime-jinja2
No flake.nix found in source/github/meta-introspector/git-submodule-tools-rs/vendor/zola/components/config/sublime/syntaxes/extra/sublime-jinja2. Skipping.
Checking submodule: source/github/meta-introspector/git-submodule-tools-rs/vendor/zola/components/config/sublime/syntaxes/extra/sublime-purescript-syntax
No flake.nix found in source/github/meta-introspector/git-submodule-tools-rs/vendor/zola/components/config/sublime/syntaxes/extra/sublime-purescript-syntax. Skipping.
Checking submodule: source/github/meta-introspector/git-submodule-tools-rs/vendor/zola/components/config/sublime/syntaxes/extra/sublime-zig-language
No flake.nix found in source/github/meta-introspector/git-submodule-tools-rs/vendor/zola/components/config/sublime/syntaxes/extra/sublime-zig-language. Skipping.
Checking submodule: source/github/meta-introspector/git-submodule-tools-rs/vendor/zola/components/config/sublime/syntaxes/extra/sublime_toml_highlighting
No flake.nix found in source/github/meta-introspector/git-submodule-tools-rs/vendor/zola/components/config/sublime/syntaxes/extra/sublime_toml_highlighting. Skipping.
Checking submodule: source/github/meta-introspector/git-submodule-tools-rs/vendor/zola/components/config/sublime/syntaxes/extra/sublimetext-fsharp
No flake.nix found in source/github/meta-introspector/git-submodule-tools-rs/vendor/zola/components/config/sublime/syntaxes/extra/sublimetext-fsharp. Skipping.
Checking submodule: source/github/meta-introspector/git-submodule-tools-rs/vendor/zola/components/config/sublime/syntaxes/extra/vue-syntax-highlight
No flake.nix found in source/github/meta-introspector/git-submodule-tools-rs/vendor/zola/components/config/sublime/syntaxes/extra/vue-syntax-highlight. Skipping.
Checking submodule: source/github/meta-introspector/git-submodules-rs-nix
Found flake.nix in source/github/meta-introspector/git-submodules-rs-nix. Processing...
Found the following submodules to process: source/github/meta-introspector/git-submodules-rs-nix
--- Processing git-submodules-rs-nix at source/github/meta-introspector/git-submodules-rs-nix ---
Branch feature/CRQ-016-nixify-workflow already exists. Checking it out.
Committing changes in /data/data/com.termux.nix/files/home/pick-up-nix2/source/github/meta-introspector/git-submodules-rs-nix for CRQ-016
No changes to commit.
Commit successful for CRQ-016 in source/github/meta-introspector/git-submodules-rs-nix.
Pushing changes...
--- Finished git-submodules-rs-nix ---

All submodules have been committed and pushed.
Finished processing source/github/meta-introspector/git-submodules-rs-nix
Checking submodule: source/github/meta-introspector/git-submodules-rs-nix/.emacs.d/nix-magit
Found flake.nix in source/github/meta-introspector/git-submodules-rs-nix/.emacs.d/nix-magit. Processing...
Found the following submodules to process: source/github/meta-introspector/git-submodules-rs-nix/.emacs.d/nix-magit
--- Processing nix-magit at source/github/meta-introspector/git-submodules-rs-nix/.emacs.d/nix-magit ---
Branch feature/CRQ-016-nixify-workflow already exists. Checking it out.
Committing changes in /data/data/com.termux.nix/files/home/pick-up-nix2/source/github/meta-introspector/git-submodules-rs-nix/.emacs.d/nix-magit for CRQ-016
No changes to commit.
Commit successful for CRQ-016 in source/github/meta-introspector/git-submodules-rs-nix/.emacs.d/nix-magit.
Pushing changes...
--- Finished nix-magit ---

All submodules have been committed and pushed.
Finished processing source/github/meta-introspector/git-submodules-rs-nix/.emacs.d/nix-magit
Checking submodule: source/github/meta-introspector/git-submodules-rs-nix/.emacs.d/terlar-emacs-config
Found flake.nix in source/github/meta-introspector/git-submodules-rs-nix/.emacs.d/terlar-emacs-config. Processing...
Found the following submodules to process: source/github/meta-introspector/git-submodules-rs-nix/.emacs.d/terlar-emacs-config
--- Processing terlar-emacs-config at source/github/meta-introspector/git-submodules-rs-nix/.emacs.d/terlar-emacs-config ---
Branch feature/CRQ-016-nixify-workflow already exists. Checking it out.
Committing changes in /data/data/com.termux.nix/files/home/pick-up-nix2/source/github/meta-introspector/git-submodules-rs-nix/.emacs.d/terlar-emacs-config for CRQ-016
No changes to commit.
Commit successful for CRQ-016 in source/github/meta-introspector/git-submodules-rs-nix/.emacs.d/terlar-emacs-config.
Pushing changes...
Creating fork...
Finished processing source/github/meta-introspector/git-submodules-rs-nix/.emacs.d/terlar-emacs-config
Checking submodule: source/github/meta-introspector/git-submodules-rs-nix/git-submodule-tools
No flake.nix found in source/github/meta-introspector/git-submodules-rs-nix/git-submodule-tools. Skipping.
Checking submodule: source/github/meta-introspector/git-submodules-rs-nix/gitoxide
No flake.nix found in source/github/meta-introspector/git-submodules-rs-nix/gitoxide. Skipping.
Checking submodule: source/github/meta-introspector/git-submodules-rs-nix/magoo
No flake.nix found in source/github/meta-introspector/git-submodules-rs-nix/magoo. Skipping.
Checking submodule: source/github/meta-introspector/git-submodules-rs-nix/naersk
Found flake.nix in source/github/meta-introspector/git-submodules-rs-nix/naersk. Processing...
Found the following submodules to process: source/github/meta-introspector/git-submodules-rs-nix/naersk
--- Processing naersk at source/github/meta-introspector/git-submodules-rs-nix/naersk ---
Branch feature/CRQ-016-nixify-workflow already exists. Checking it out.
Committing changes in /data/data/com.termux.nix/files/home/pick-up-nix2/source/github/meta-introspector/git-submodules-rs-nix/naersk for CRQ-016
No changes to commit.
Commit successful for CRQ-016 in source/github/meta-introspector/git-submodules-rs-nix/naersk.
Pushing changes...
--- Finished naersk ---

All submodules have been committed and pushed.
Finished processing source/github/meta-introspector/git-submodules-rs-nix/naersk
Checking submodule: source/github/meta-introspector/git-submodules-rs-nix/qa/templates/incident
No flake.nix found in source/github/meta-introspector/git-submodules-rs-nix/qa/templates/incident. Skipping.
Checking submodule: source/github/meta-introspector/git-submodules-rs-nix/sources/LukeMathWalker/cargo-manifest
No flake.nix found in source/github/meta-introspector/git-submodules-rs-nix/sources/LukeMathWalker/cargo-manifest. Skipping.
Checking submodule: source/github/meta-introspector/git-submodules-rs-nix/sources/infinyon/cargo-cvm
No flake.nix found in source/github/meta-introspector/git-submodules-rs-nix/sources/infinyon/cargo-cvm. Skipping.
Checking submodule: source/github/meta-introspector/git-submodules-rs-nix/sources/ironthree/cargoman
No flake.nix found in source/github/meta-introspector/git-submodules-rs-nix/sources/ironthree/cargoman. Skipping.
Checking submodule: source/github/meta-introspector/git-submodules-rs-nix/sources/meta-introspector/MoCoPr
No flake.nix found in source/github/meta-introspector/git-submodules-rs-nix/sources/meta-introspector/MoCoPr. Skipping.
Checking submodule: source/github/meta-introspector/git-submodules-rs-nix/sources/meta-introspector/mcp-attr
No flake.nix found in source/github/meta-introspector/git-submodules-rs-nix/sources/meta-introspector/mcp-attr. Skipping.
Checking submodule: source/github/meta-introspector/git-submodules-rs-nix/sources/meta-introspector/mcp-attr/external/modelcontextprotocol-specification
No flake.nix found in source/github/meta-introspector/git-submodules-rs-nix/sources/meta-introspector/mcp-attr/external/modelcontextprotocol-specification. Skipping.
Checking submodule: source/github/meta-introspector/git-submodules-rs-nix/sources/meta-introspector/mcp-discovery
No flake.nix found in source/github/meta-introspector/git-submodules-rs-nix/sources/meta-introspector/mcp-discovery. Skipping.
Checking submodule: source/github/meta-introspector/git-submodules-rs-nix/sources/meta-introspector/memkb-mcp-rust
No flake.nix found in source/github/meta-introspector/git-submodules-rs-nix/sources/meta-introspector/memkb-mcp-rust. Skipping.
Checking submodule: source/github/meta-introspector/git-submodules-rs-nix/sources/meta-introspector/monomcp-rust
No flake.nix found in source/github/meta-introspector/git-submodules-rs-nix/sources/meta-introspector/monomcp-rust. Skipping.
Checking submodule: source/github/meta-introspector/git-submodules-rs-nix/sources/meta-introspector/monomcp-rust/monomcp/MoCoPr
No flake.nix found in source/github/meta-introspector/git-submodules-rs-nix/sources/meta-introspector/monomcp-rust/monomcp/MoCoPr. Skipping.
Checking submodule: source/github/meta-introspector/git-submodules-rs-nix/sources/meta-introspector/monomcp-rust/monomcp/agentic
No flake.nix found in source/github/meta-introspector/git-submodules-rs-nix/sources/meta-introspector/monomcp-rust/monomcp/agentic. Skipping.
Checking submodule: source/github/meta-introspector/git-submodules-rs-nix/sources/meta-introspector/monomcp-rust/monomcp/generative_modular_forms
No flake.nix found in source/github/meta-introspector/git-submodules-rs-nix/sources/meta-introspector/monomcp-rust/monomcp/generative_modular_forms. Skipping.
Checking submodule: source/github/meta-introspector/git-submodules-rs-nix/sources/meta-introspector/monomcp-rust/monomcp/mcp-attr
No flake.nix found in source/github/meta-introspector/git-submodules-rs-nix/sources/meta-introspector/monomcp-rust/monomcp/mcp-attr. Skipping.
Checking submodule: source/github/meta-introspector/git-submodules-rs-nix/sources/meta-introspector/monomcp-rust/monomcp/mcp-attr/external/modelcontextprotocol-specification
No flake.nix found in source/github/meta-introspector/git-submodules-rs-nix/sources/meta-introspector/monomcp-rust/monomcp/mcp-attr/external/modelcontextprotocol-specification. Skipping.
Checking submodule: source/github/meta-introspector/git-submodules-rs-nix/sources/meta-introspector/monomcp-rust/monomcp/mcp-discovery
No flake.nix found in source/github/meta-introspector/git-submodules-rs-nix/sources/meta-introspector/monomcp-rust/monomcp/mcp-discovery. Skipping.
Checking submodule: source/github/meta-introspector/git-submodules-rs-nix/sources/meta-introspector/monomcp-rust/monomcp/memkb-mcp-rust
No flake.nix found in source/github/meta-introspector/git-submodules-rs-nix/sources/meta-introspector/monomcp-rust/monomcp/memkb-mcp-rust. Skipping.
Checking submodule: source/github/meta-introspector/git-submodules-rs-nix/sources/meta-introspector/monomcp-rust/monomcp/paiml-mcp-agent-toolkit
No flake.nix found in source/github/meta-introspector/git-submodules-rs-nix/sources/meta-introspector/monomcp-rust/monomcp/paiml-mcp-agent-toolkit. Skipping.
Checking submodule: source/github/meta-introspector/git-submodules-rs-nix/sources/meta-introspector/monomcp-rust/monomcp/ramparts
No flake.nix found in source/github/meta-introspector/git-submodules-rs-nix/sources/meta-introspector/monomcp-rust/monomcp/ramparts. Skipping.
Checking submodule: source/github/meta-introspector/git-submodules-rs-nix/sources/meta-introspector/monomcp-rust/monomcp/rmcp-agent
No flake.nix found in source/github/meta-introspector/git-submodules-rs-nix/sources/meta-introspector/monomcp-rust/monomcp/rmcp-agent. Skipping.
Checking submodule: source/github/meta-introspector/git-submodules-rs-nix/sources/meta-introspector/monomcp-rust/monomcp/rust-mcp-filesystem
No flake.nix found in source/github/meta-introspector/git-submodules-rs-nix/sources/meta-introspector/monomcp-rust/monomcp/rust-mcp-filesystem. Skipping.
Checking submodule: source/github/meta-introspector/git-submodules-rs-nix/sources/meta-introspector/monomcp-rust/monomcp/rust-mcp-sdk
No flake.nix found in source/github/meta-introspector/git-submodules-rs-nix/sources/meta-introspector/monomcp-rust/monomcp/rust-mcp-sdk. Skipping.
Checking submodule: source/github/meta-introspector/git-submodules-rs-nix/sources/meta-introspector/monomcp-rust/monomcp/simd-kernels
No flake.nix found in source/github/meta-introspector/git-submodules-rs-nix/sources/meta-introspector/monomcp-rust/monomcp/simd-kernels. Skipping.
Checking submodule: source/github/meta-introspector/git-submodules-rs-nix/sources/meta-introspector/monomcp-rust/monomcp/siumai
No flake.nix found in source/github/meta-introspector/git-submodules-rs-nix/sources/meta-introspector/monomcp-rust/monomcp/siumai. Skipping.
Checking submodule: source/github/meta-introspector/git-submodules-rs-nix/sources/meta-introspector/monomcp-rust/monomcp/turbomcp
No flake.nix found in source/github/meta-introspector/git-submodules-rs-nix/sources/meta-introspector/monomcp-rust/monomcp/turbomcp. Skipping.
Checking submodule: source/github/meta-introspector/git-submodules-rs-nix/sources/meta-introspector/monomcp-rust/monomcp/vendor/ar_archive_writer
No flake.nix found in source/github/meta-introspector/git-submodules-rs-nix/sources/meta-introspector/monomcp-rust/monomcp/vendor/ar_archive_writer. Skipping.
Checking submodule: source/github/meta-introspector/git-submodules-rs-nix/sources/meta-introspector/monomcp-rust/monomcp/vendor/arrow-rs
No flake.nix found in source/github/meta-introspector/git-submodules-rs-nix/sources/meta-introspector/monomcp-rust/monomcp/vendor/arrow-rs. Skipping.
Checking submodule: source/github/meta-introspector/git-submodules-rs-nix/sources/meta-introspector/monomcp-rust/monomcp/vendor/arrow-rs/parquet-testing
No flake.nix found in source/github/meta-introspector/git-submodules-rs-nix/sources/meta-introspector/monomcp-rust/monomcp/vendor/arrow-rs/parquet-testing. Skipping.
Checking submodule: source/github/meta-introspector/git-submodules-rs-nix/sources/meta-introspector/monomcp-rust/monomcp/vendor/arrow-rs/testing
No flake.nix found in source/github/meta-introspector/git-submodules-rs-nix/sources/meta-introspector/monomcp-rust/monomcp/vendor/arrow-rs/testing. Skipping.
Checking submodule: source/github/meta-introspector/git-submodules-rs-nix/sources/meta-introspector/monomcp-rust/monomcp/vendor/cargo-platform
No flake.nix found in source/github/meta-introspector/git-submodules-rs-nix/sources/meta-introspector/monomcp-rust/monomcp/vendor/cargo-platform. Skipping.
Checking submodule: source/github/meta-introspector/git-submodules-rs-nix/sources/meta-introspector/monomcp-rust/monomcp/vendor/cargo-rust-lang
No flake.nix found in source/github/meta-introspector/git-submodules-rs-nix/sources/meta-introspector/monomcp-rust/monomcp/vendor/cargo-rust-lang. Skipping.
Checking submodule: source/github/meta-introspector/git-submodules-rs-nix/sources/meta-introspector/monomcp-rust/monomcp/vendor/hugging-face-dataset-validator-rust
No flake.nix found in source/github/meta-introspector/git-submodules-rs-nix/sources/meta-introspector/monomcp-rust/monomcp/vendor/hugging-face-dataset-validator-rust. Skipping.
Checking submodule: source/github/meta-introspector/git-submodules-rs-nix/sources/meta-introspector/monomcp-rust/monomcp/vendor/rustc-stable-hash
No flake.nix found in source/github/meta-introspector/git-submodules-rs-nix/sources/meta-introspector/monomcp-rust/monomcp/vendor/rustc-stable-hash. Skipping.
Checking submodule: source/github/meta-introspector/git-submodules-rs-nix/sources/meta-introspector/monomcp-rust/monomcp/vendor/smallvec
No flake.nix found in source/github/meta-introspector/git-submodules-rs-nix/sources/meta-introspector/monomcp-rust/monomcp/vendor/smallvec. Skipping.
Checking submodule: source/github/meta-introspector/git-submodules-rs-nix/sources/meta-introspector/monomcp-rust/monomcp/vendor/tracing-vendor/tracing
No flake.nix found in source/github/meta-introspector/git-submodules-rs-nix/sources/meta-introspector/monomcp-rust/monomcp/vendor/tracing-vendor/tracing. Skipping.
Checking submodule: source/github/meta-introspector/git-submodules-rs-nix/sources/meta-introspector/paiml-mcp-agent-toolkit
No flake.nix found in source/github/meta-introspector/git-submodules-rs-nix/sources/meta-introspector/paiml-mcp-agent-toolkit. Skipping.
Checking submodule: source/github/meta-introspector/git-submodules-rs-nix/sources/meta-introspector/ramparts
No flake.nix found in source/github/meta-introspector/git-submodules-rs-nix/sources/meta-introspector/ramparts. Skipping.
Checking submodule: source/github/meta-introspector/git-submodules-rs-nix/sources/meta-introspector/rmcp-agent
No flake.nix found in source/github/meta-introspector/git-submodules-rs-nix/sources/meta-introspector/rmcp-agent. Skipping.
Checking submodule: source/github/meta-introspector/git-submodules-rs-nix/sources/meta-introspector/rust-mcp-filesystem
No flake.nix found in source/github/meta-introspector/git-submodules-rs-nix/sources/meta-introspector/rust-mcp-filesystem. Skipping.
Checking submodule: source/github/meta-introspector/git-submodules-rs-nix/sources/meta-introspector/rust-mcp-sdk
No flake.nix found in source/github/meta-introspector/git-submodules-rs-nix/sources/meta-introspector/rust-mcp-sdk. Skipping.
Checking submodule: source/github/meta-introspector/git-submodules-rs-nix/sources/meta-introspector/turbomcp
No flake.nix found in source/github/meta-introspector/git-submodules-rs-nix/sources/meta-introspector/turbomcp. Skipping.
Checking submodule: source/github/meta-introspector/git-submodules-rs-nix/sources/simensgreen/cargo-incvec
No flake.nix found in source/github/meta-introspector/git-submodules-rs-nix/sources/simensgreen/cargo-incvec. Skipping.
Checking submodule: source/github/meta-introspector/git-submodules-rs-nix/submod
No flake.nix found in source/github/meta-introspector/git-submodules-rs-nix/submod. Skipping.
Checking submodule: source/github/meta-introspector/git-submodules-rs-nix/tools/tool-template
No flake.nix found in source/github/meta-introspector/git-submodules-rs-nix/tools/tool-template. Skipping.
Checking submodule: source/github/meta-introspector/git-submodules-rs-nix/tools/wikidata
No flake.nix found in source/github/meta-introspector/git-submodules-rs-nix/tools/wikidata. Skipping.
Checking submodule: source/github/meta-introspector/git-submodules-rs-nix/tools/wikidata/prelude
No flake.nix found in source/github/meta-introspector/git-submodules-rs-nix/tools/wikidata/prelude. Skipping.
Checking submodule: source/github/meta-introspector/hackathon
No flake.nix found in source/github/meta-introspector/hackathon. Skipping.
Checking submodule: source/github/meta-introspector/introspector-llc
No flake.nix found in source/github/meta-introspector/introspector-llc. Skipping.
Checking submodule: source/github/meta-introspector/lattice-introspector
No flake.nix found in source/github/meta-introspector/lattice-introspector. Skipping.
Checking submodule: source/github/meta-introspector/lattice-introspector/data
No flake.nix found in source/github/meta-introspector/lattice-introspector/data. Skipping.
Checking submodule: source/github/meta-introspector/lattice-introspector/vendor/DaoFP
No flake.nix found in source/github/meta-introspector/lattice-introspector/vendor/DaoFP. Skipping.
Checking submodule: source/github/meta-introspector/lattice-introspector/vendor/abi_stable_crates
No flake.nix found in source/github/meta-introspector/lattice-introspector/vendor/abi_stable_crates. Skipping.
Checking submodule: source/github/meta-introspector/lattice-introspector/vendor/ai-agent-terraform
No flake.nix found in source/github/meta-introspector/lattice-introspector/vendor/ai-agent-terraform. Skipping.
Checking submodule: source/github/meta-introspector/lattice-introspector/vendor/aichat
No flake.nix found in source/github/meta-introspector/lattice-introspector/vendor/aichat. Skipping.
Checking submodule: source/github/meta-introspector/lattice-introspector/vendor/aichat/oauth_review/r-google-oauth2
No flake.nix found in source/github/meta-introspector/lattice-introspector/vendor/aichat/oauth_review/r-google-oauth2. Skipping.
Checking submodule: source/github/meta-introspector/lattice-introspector/vendor/aichat/oauth_review/rs-gapi-oauth
No flake.nix found in source/github/meta-introspector/lattice-introspector/vendor/aichat/oauth_review/rs-gapi-oauth. Skipping.
Checking submodule: source/github/meta-introspector/lattice-introspector/vendor/bootstrap
No flake.nix found in source/github/meta-introspector/lattice-introspector/vendor/bootstrap. Skipping.
Checking submodule: source/github/meta-introspector/lattice-introspector/vendor/copper
No flake.nix found in source/github/meta-introspector/lattice-introspector/vendor/copper. Skipping.
Checking submodule: source/github/meta-introspector/lattice-introspector/vendor/cranelift
No flake.nix found in source/github/meta-introspector/lattice-introspector/vendor/cranelift. Skipping.
Checking submodule: source/github/meta-introspector/lattice-introspector/vendor/cranelift/tests/component-model
No flake.nix found in source/github/meta-introspector/lattice-introspector/vendor/cranelift/tests/component-model. Skipping.
Checking submodule: source/github/meta-introspector/lattice-introspector/vendor/cranelift/tests/spec_testsuite
No flake.nix found in source/github/meta-introspector/lattice-introspector/vendor/cranelift/tests/spec_testsuite. Skipping.
Checking submodule: source/github/meta-introspector/lattice-introspector/vendor/cranelift/tests/wasi_testsuite/wasi-common
No flake.nix found in source/github/meta-introspector/lattice-introspector/vendor/cranelift/tests/wasi_testsuite/wasi-common. Skipping.
Checking submodule: source/github/meta-introspector/lattice-introspector/vendor/cranelift/tests/wasi_testsuite/wasi-threads
No flake.nix found in source/github/meta-introspector/lattice-introspector/vendor/cranelift/tests/wasi_testsuite/wasi-threads. Skipping.
Checking submodule: source/github/meta-introspector/lattice-introspector/vendor/gen-mod-form
No flake.nix found in source/github/meta-introspector/lattice-introspector/vendor/gen-mod-form. Skipping.
Checking submodule: source/github/meta-introspector/lattice-introspector/vendor/grok-cli
No flake.nix found in source/github/meta-introspector/lattice-introspector/vendor/grok-cli. Skipping.
Checking submodule: source/github/meta-introspector/lattice-introspector/vendor/hugging-face-dataset-validator-rust
No flake.nix found in source/github/meta-introspector/lattice-introspector/vendor/hugging-face-dataset-validator-rust. Skipping.
Checking submodule: source/github/meta-introspector/lattice-introspector/vendor/intel-mkl-src
No flake.nix found in source/github/meta-introspector/lattice-introspector/vendor/intel-mkl-src. Skipping.
Checking submodule: source/github/meta-introspector/lattice-introspector/vendor/libminizinc
No flake.nix found in source/github/meta-introspector/lattice-introspector/vendor/libminizinc. Skipping.
Checking submodule: source/github/meta-introspector/lattice-introspector/vendor/memkb-mcp-rust
No flake.nix found in source/github/meta-introspector/lattice-introspector/vendor/memkb-mcp-rust. Skipping.
Checking submodule: source/github/meta-introspector/lattice-introspector/vendor/monomcp-rust
No flake.nix found in source/github/meta-introspector/lattice-introspector/vendor/monomcp-rust. Skipping.
Checking submodule: source/github/meta-introspector/lattice-introspector/vendor/monomcp-rust/monomcp/MoCoPr
No flake.nix found in source/github/meta-introspector/lattice-introspector/vendor/monomcp-rust/monomcp/MoCoPr. Skipping.
Checking submodule: source/github/meta-introspector/lattice-introspector/vendor/monomcp-rust/monomcp/agentic
No flake.nix found in source/github/meta-introspector/lattice-introspector/vendor/monomcp-rust/monomcp/agentic. Skipping.
Checking submodule: source/github/meta-introspector/lattice-introspector/vendor/monomcp-rust/monomcp/generative_modular_forms
No flake.nix found in source/github/meta-introspector/lattice-introspector/vendor/monomcp-rust/monomcp/generative_modular_forms. Skipping.
Checking submodule: source/github/meta-introspector/lattice-introspector/vendor/monomcp-rust/monomcp/mcp-attr
No flake.nix found in source/github/meta-introspector/lattice-introspector/vendor/monomcp-rust/monomcp/mcp-attr. Skipping.
Checking submodule: source/github/meta-introspector/lattice-introspector/vendor/monomcp-rust/monomcp/mcp-discovery
No flake.nix found in source/github/meta-introspector/lattice-introspector/vendor/monomcp-rust/monomcp/mcp-discovery. Skipping.
Checking submodule: source/github/meta-introspector/lattice-introspector/vendor/monomcp-rust/monomcp/memkb-mcp-rust
No flake.nix found in source/github/meta-introspector/lattice-introspector/vendor/monomcp-rust/monomcp/memkb-mcp-rust. Skipping.
Checking submodule: source/github/meta-introspector/lattice-introspector/vendor/monomcp-rust/monomcp/paiml-mcp-agent-toolkit
No flake.nix found in source/github/meta-introspector/lattice-introspector/vendor/monomcp-rust/monomcp/paiml-mcp-agent-toolkit. Skipping.
Checking submodule: source/github/meta-introspector/lattice-introspector/vendor/monomcp-rust/monomcp/ramparts
No flake.nix found in source/github/meta-introspector/lattice-introspector/vendor/monomcp-rust/monomcp/ramparts. Skipping.
Checking submodule: source/github/meta-introspector/lattice-introspector/vendor/monomcp-rust/monomcp/rmcp-agent
No flake.nix found in source/github/meta-introspector/lattice-introspector/vendor/monomcp-rust/monomcp/rmcp-agent. Skipping.
Checking submodule: source/github/meta-introspector/lattice-introspector/vendor/monomcp-rust/monomcp/rust-mcp-filesystem
No flake.nix found in source/github/meta-introspector/lattice-introspector/vendor/monomcp-rust/monomcp/rust-mcp-filesystem. Skipping.
Checking submodule: source/github/meta-introspector/lattice-introspector/vendor/monomcp-rust/monomcp/rust-mcp-sdk
No flake.nix found in source/github/meta-introspector/lattice-introspector/vendor/monomcp-rust/monomcp/rust-mcp-sdk. Skipping.
Checking submodule: source/github/meta-introspector/lattice-introspector/vendor/monomcp-rust/monomcp/simd-kernels
No flake.nix found in source/github/meta-introspector/lattice-introspector/vendor/monomcp-rust/monomcp/simd-kernels. Skipping.
Checking submodule: source/github/meta-introspector/lattice-introspector/vendor/monomcp-rust/monomcp/siumai
No flake.nix found in source/github/meta-introspector/lattice-introspector/vendor/monomcp-rust/monomcp/siumai. Skipping.
Checking submodule: source/github/meta-introspector/lattice-introspector/vendor/monomcp-rust/monomcp/turbomcp
No flake.nix found in source/github/meta-introspector/lattice-introspector/vendor/monomcp-rust/monomcp/turbomcp. Skipping.
Checking submodule: source/github/meta-introspector/lattice-introspector/vendor/monomcp-rust/monomcp/vendor/ar_archive_writer
No flake.nix found in source/github/meta-introspector/lattice-introspector/vendor/monomcp-rust/monomcp/vendor/ar_archive_writer. Skipping.
Checking submodule: source/github/meta-introspector/lattice-introspector/vendor/monomcp-rust/monomcp/vendor/arrow-rs
No flake.nix found in source/github/meta-introspector/lattice-introspector/vendor/monomcp-rust/monomcp/vendor/arrow-rs. Skipping.
Checking submodule: source/github/meta-introspector/lattice-introspector/vendor/monomcp-rust/monomcp/vendor/cargo-platform
No flake.nix found in source/github/meta-introspector/lattice-introspector/vendor/monomcp-rust/monomcp/vendor/cargo-platform. Skipping.
Checking submodule: source/github/meta-introspector/lattice-introspector/vendor/ragit
No flake.nix found in source/github/meta-introspector/lattice-introspector/vendor/ragit. Skipping.
Checking submodule: source/github/meta-introspector/lattice-introspector/vendor/rust-smallvec
No flake.nix found in source/github/meta-introspector/lattice-introspector/vendor/rust-smallvec. Skipping.
Checking submodule: source/github/meta-introspector/lattice-introspector/vendor/rustc-stable-hash
No flake.nix found in source/github/meta-introspector/lattice-introspector/vendor/rustc-stable-hash. Skipping.
Checking submodule: source/github/meta-introspector/lattice-introspector/vendor/scirs
No flake.nix found in source/github/meta-introspector/lattice-introspector/vendor/scirs. Skipping.
Checking submodule: source/github/meta-introspector/lattice-introspector/vendor/simd-kernels
No flake.nix found in source/github/meta-introspector/lattice-introspector/vendor/simd-kernels. Skipping.
Checking submodule: source/github/meta-introspector/lattice-introspector/vendor/solfunmeme-dioxus
No flake.nix found in source/github/meta-introspector/lattice-introspector/vendor/solfunmeme-dioxus. Skipping.
Checking submodule: source/github/meta-introspector/lean4
Found flake.nix in source/github/meta-introspector/lean4. Processing...
Found the following submodules to process: source/github/meta-introspector/lean4
--- Processing lean4 at source/github/meta-introspector/lean4 ---
Branch feature/CRQ-016-nixify-workflow already exists. Checking it out.
Committing changes in /data/data/com.termux.nix/files/home/pick-up-nix2/source/github/meta-introspector/lean4 for CRQ-016
No changes to commit.
Commit successful for CRQ-016 in source/github/meta-introspector/lean4.
Pushing changes...
--- Finished lean4 ---

All submodules have been committed and pushed.
Finished processing source/github/meta-introspector/lean4
Checking submodule: source/github/meta-introspector/minizinc-introspector
No flake.nix found in source/github/meta-introspector/minizinc-introspector. Skipping.
Checking submodule: source/github/meta-introspector/neo
No flake.nix found in source/github/meta-introspector/neo. Skipping.
Checking submodule: source/github/meta-introspector/quasi-meta-meme
No flake.nix found in source/github/meta-introspector/quasi-meta-meme. Skipping.
Checking submodule: source/github/meta-introspector/ragit
No flake.nix found in source/github/meta-introspector/ragit. Skipping.
Checking submodule: source/github/meta-introspector/ragit/idx
No flake.nix found in source/github/meta-introspector/ragit/idx. Skipping.
Checking submodule: source/github/meta-introspector/ragit/index/solfunmeme-index
No flake.nix found in source/github/meta-introspector/ragit/index/solfunmeme-index. Skipping.
Checking submodule: source/github/meta-introspector/ragit/pilot-agent-cli
No flake.nix found in source/github/meta-introspector/ragit/pilot-agent-cli. Skipping.
Checking submodule: source/github/meta-introspector/ragit/spinoffs/model-builder-quiz
No flake.nix found in source/github/meta-introspector/ragit/spinoffs/model-builder-quiz. Skipping.
Checking submodule: source/github/meta-introspector/ragit/vendor/amazon-q-developer-cli
No flake.nix found in source/github/meta-introspector/ragit/vendor/amazon-q-developer-cli. Skipping.
Checking submodule: source/github/meta-introspector/ragit/vendor/amazon-q-developer-cli/vendor/gemini-cli
No flake.nix found in source/github/meta-introspector/ragit/vendor/amazon-q-developer-cli/vendor/gemini-cli. Skipping.
Checking submodule: source/github/meta-introspector/ragit/vendor/amazon-q-developer-cli/vendor/solfunmeme-dioxus
No flake.nix found in source/github/meta-introspector/ragit/vendor/amazon-q-developer-cli/vendor/solfunmeme-dioxus. Skipping.
Checking submodule: source/github/meta-introspector/ragit/vendor/amazon-q-developer-cli/vendor/solfunmeme-dioxus/bootstrap
No flake.nix found in source/github/meta-introspector/ragit/vendor/amazon-q-developer-cli/vendor/solfunmeme-dioxus/bootstrap. Skipping.
Checking submodule: source/github/meta-introspector/ragit/vendor/amazon-q-developer-cli/vendor/solfunmeme-dioxus/crates/task_manager
No flake.nix found in source/github/meta-introspector/ragit/vendor/amazon-q-developer-cli/vendor/solfunmeme-dioxus/crates/task_manager. Skipping.
Checking submodule: source/github/meta-introspector/ragit/vendor/amazon-q-developer-cli/vendor/solfunmeme-dioxus/hf_dataset
No flake.nix found in source/github/meta-introspector/ragit/vendor/amazon-q-developer-cli/vendor/solfunmeme-dioxus/hf_dataset. Skipping.
Checking submodule: source/github/meta-introspector/ragit/vendor/amazon-q-developer-cli/vendor/solfunmeme-dioxus/hg_datasets/microlean4
No flake.nix found in source/github/meta-introspector/ragit/vendor/amazon-q-developer-cli/vendor/solfunmeme-dioxus/hg_datasets/microlean4. Skipping.
Checking submodule: source/github/meta-introspector/ragit/vendor/amazon-q-developer-cli/vendor/solfunmeme-dioxus/vendor/axum
No flake.nix found in source/github/meta-introspector/ragit/vendor/amazon-q-developer-cli/vendor/solfunmeme-dioxus/vendor/axum. Skipping.
Checking submodule: source/github/meta-introspector/ragit/vendor/amazon-q-developer-cli/vendor/solfunmeme-dioxus/vendor/bm25
No flake.nix found in source/github/meta-introspector/ragit/vendor/amazon-q-developer-cli/vendor/solfunmeme-dioxus/vendor/bm25. Skipping.
Checking submodule: source/github/meta-introspector/ragit/vendor/amazon-q-developer-cli/vendor/solfunmeme-dioxus/vendor/candle
No flake.nix found in source/github/meta-introspector/ragit/vendor/amazon-q-developer-cli/vendor/solfunmeme-dioxus/vendor/candle. Skipping.
Checking submodule: source/github/meta-introspector/ragit/vendor/amazon-q-developer-cli/vendor/solfunmeme-dioxus/vendor/candle/candle-flash-attn/cutlass
No flake.nix found in source/github/meta-introspector/ragit/vendor/amazon-q-developer-cli/vendor/solfunmeme-dioxus/vendor/candle/candle-flash-attn/cutlass. Skipping.
Checking submodule: source/github/meta-introspector/ragit/vendor/amazon-q-developer-cli/vendor/solfunmeme-dioxus/vendor/dioxus-charts
No flake.nix found in source/github/meta-introspector/ragit/vendor/amazon-q-developer-cli/vendor/solfunmeme-dioxus/vendor/dioxus-charts. Skipping.
Checking submodule: source/github/meta-introspector/ragit/vendor/amazon-q-developer-cli/vendor/solfunmeme-dioxus/vendor/eliza-rs
No flake.nix found in source/github/meta-introspector/ragit/vendor/amazon-q-developer-cli/vendor/solfunmeme-dioxus/vendor/eliza-rs. Skipping.
Checking submodule: source/github/meta-introspector/ragit/vendor/amazon-q-developer-cli/vendor/solfunmeme-dioxus/vendor/fastembed-rs
Found flake.nix in source/github/meta-introspector/ragit/vendor/amazon-q-developer-cli/vendor/solfunmeme-dioxus/vendor/fastembed-rs. Processing...
Found the following submodules to process: source/github/meta-introspector/ragit/vendor/amazon-q-developer-cli/vendor/solfunmeme-dioxus/vendor/fastembed-rs
--- Processing fastembed-rs at source/github/meta-introspector/ragit/vendor/amazon-q-developer-cli/vendor/solfunmeme-dioxus/vendor/fastembed-rs ---
Branch feature/CRQ-016-nixify-workflow already exists. Checking it out.
Committing changes in /data/data/com.termux.nix/files/home/pick-up-nix2/source/github/meta-introspector/ragit/vendor/amazon-q-developer-cli/vendor/solfunmeme-dioxus/vendor/fastembed-rs for CRQ-016
No changes to commit.
Commit successful for CRQ-016 in source/github/meta-introspector/ragit/vendor/amazon-q-developer-cli/vendor/solfunmeme-dioxus/vendor/fastembed-rs.
Pushing changes...
--- Finished fastembed-rs ---

All submodules have been committed and pushed.
Finished processing source/github/meta-introspector/ragit/vendor/amazon-q-developer-cli/vendor/solfunmeme-dioxus/vendor/fastembed-rs
Checking submodule: source/github/meta-introspector/ragit/vendor/amazon-q-developer-cli/vendor/solfunmeme-dioxus/vendor/float-cmp
No flake.nix found in source/github/meta-introspector/ragit/vendor/amazon-q-developer-cli/vendor/solfunmeme-dioxus/vendor/float-cmp. Skipping.
Checking submodule: source/github/meta-introspector/ragit/vendor/amazon-q-developer-cli/vendor/solfunmeme-dioxus/vendor/gline-rs
No flake.nix found in source/github/meta-introspector/ragit/vendor/amazon-q-developer-cli/vendor/solfunmeme-dioxus/vendor/gline-rs. Skipping.
Checking submodule: source/github/meta-introspector/ragit/vendor/amazon-q-developer-cli/vendor/solfunmeme-dioxus/vendor/json-ld
No flake.nix found in source/github/meta-introspector/ragit/vendor/amazon-q-developer-cli/vendor/solfunmeme-dioxus/vendor/json-ld. Skipping.
Checking submodule: source/github/meta-introspector/ragit/vendor/amazon-q-developer-cli/vendor/solfunmeme-dioxus/vendor/json-ld/tests/json-ld-api
No flake.nix found in source/github/meta-introspector/ragit/vendor/amazon-q-developer-cli/vendor/solfunmeme-dioxus/vendor/json-ld/tests/json-ld-api. Skipping.
Checking submodule: source/github/meta-introspector/ragit/vendor/amazon-q-developer-cli/vendor/solfunmeme-dioxus/vendor/keyword-extraction-rs
No flake.nix found in source/github/meta-introspector/ragit/vendor/amazon-q-developer-cli/vendor/solfunmeme-dioxus/vendor/keyword-extraction-rs. Skipping.
Checking submodule: source/github/meta-introspector/ragit/vendor/amazon-q-developer-cli/vendor/solfunmeme-dioxus/vendor/layered-nlp
No flake.nix found in source/github/meta-introspector/ragit/vendor/amazon-q-developer-cli/vendor/solfunmeme-dioxus/vendor/layered-nlp. Skipping.
Checking submodule: source/github/meta-introspector/ragit/vendor/amazon-q-developer-cli/vendor/solfunmeme-dioxus/vendor/linfa
No flake.nix found in source/github/meta-introspector/ragit/vendor/amazon-q-developer-cli/vendor/solfunmeme-dioxus/vendor/linfa. Skipping.
Checking submodule: source/github/meta-introspector/ragit/vendor/amazon-q-developer-cli/vendor/solfunmeme-dioxus/vendor/llms-from-scratch-rs
No flake.nix found in source/github/meta-introspector/ragit/vendor/amazon-q-developer-cli/vendor/solfunmeme-dioxus/vendor/llms-from-scratch-rs. Skipping.
Checking submodule: source/github/meta-introspector/ragit/vendor/amazon-q-developer-cli/vendor/solfunmeme-dioxus/vendor/model2vec-rs
No flake.nix found in source/github/meta-introspector/ragit/vendor/amazon-q-developer-cli/vendor/solfunmeme-dioxus/vendor/model2vec-rs. Skipping.
Checking submodule: source/github/meta-introspector/ragit/vendor/amazon-q-developer-cli/vendor/solfunmeme-dioxus/vendor/orp
No flake.nix found in source/github/meta-introspector/ragit/vendor/amazon-q-developer-cli/vendor/solfunmeme-dioxus/vendor/orp. Skipping.
Checking submodule: source/github/meta-introspector/ragit/vendor/amazon-q-developer-cli/vendor/solfunmeme-dioxus/vendor/rhai
No flake.nix found in source/github/meta-introspector/ragit/vendor/amazon-q-developer-cli/vendor/solfunmeme-dioxus/vendor/rhai. Skipping.
Checking submodule: source/github/meta-introspector/ragit/vendor/amazon-q-developer-cli/vendor/solfunmeme-dioxus/vendor/rust-embed
No flake.nix found in source/github/meta-introspector/ragit/vendor/amazon-q-developer-cli/vendor/solfunmeme-dioxus/vendor/rust-embed. Skipping.
Checking submodule: source/github/meta-introspector/ragit/vendor/amazon-q-developer-cli/vendor/solfunmeme-dioxus/vendor/rust_libloading
No flake.nix found in source/github/meta-introspector/ragit/vendor/amazon-q-developer-cli/vendor/solfunmeme-dioxus/vendor/rust_libloading. Skipping.
Checking submodule: source/github/meta-introspector/ragit/vendor/amazon-q-developer-cli/vendor/solfunmeme-dioxus/vendor/solana-airdrop-service
No flake.nix found in source/github/meta-introspector/ragit/vendor/amazon-q-developer-cli/vendor/solfunmeme-dioxus/vendor/solana-airdrop-service. Skipping.
Checking submodule: source/github/meta-introspector/ragit/vendor/amazon-q-developer-cli/vendor/solfunmeme-dioxus/vendor/sophia_rs
No flake.nix found in source/github/meta-introspector/ragit/vendor/amazon-q-developer-cli/vendor/solfunmeme-dioxus/vendor/sophia_rs. Skipping.
Checking submodule: source/github/meta-introspector/ragit/vendor/amazon-q-developer-cli/vendor/solfunmeme-dioxus/vendor/steel
Found flake.nix in source/github/meta-introspector/ragit/vendor/amazon-q-developer-cli/vendor/solfunmeme-dioxus/vendor/steel. Processing...
Found the following submodules to process: source/github/meta-introspector/ragit/vendor/amazon-q-developer-cli/vendor/solfunmeme-dioxus/vendor/steel
--- Processing steel at source/github/meta-introspector/ragit/vendor/amazon-q-developer-cli/vendor/solfunmeme-dioxus/vendor/steel ---
Branch feature/CRQ-016-nixify-workflow already exists. Checking it out.
Committing changes in /data/data/com.termux.nix/files/home/pick-up-nix2/source/github/meta-introspector/ragit/vendor/amazon-q-developer-cli/vendor/solfunmeme-dioxus/vendor/steel for CRQ-016
No changes to commit.
Commit successful for CRQ-016 in source/github/meta-introspector/ragit/vendor/amazon-q-developer-cli/vendor/solfunmeme-dioxus/vendor/steel.
Pushing changes...
Current branch feature/CRQ-016-nixify-workflow is up to date.
Finished processing source/github/meta-introspector/ragit/vendor/amazon-q-developer-cli/vendor/solfunmeme-dioxus/vendor/steel
Checking submodule: source/github/meta-introspector/ragit/vendor/amazon-q-developer-cli/vendor/solfunmeme-dioxus/vendor/tantivy
No flake.nix found in source/github/meta-introspector/ragit/vendor/amazon-q-developer-cli/vendor/solfunmeme-dioxus/vendor/tantivy. Skipping.
Checking submodule: source/github/meta-introspector/ragit/vendor/amazon-q-developer-cli/vendor/solfunmeme-dioxus/vendor/tclifford
No flake.nix found in source/github/meta-introspector/ragit/vendor/amazon-q-developer-cli/vendor/solfunmeme-dioxus/vendor/tclifford. Skipping.
Checking submodule: source/github/meta-introspector/ragit/vendor/amazon-q-developer-cli/vendor/solfunmeme-dioxus/vendor/tongrams-rs
No flake.nix found in source/github/meta-introspector/ragit/vendor/amazon-q-developer-cli/vendor/solfunmeme-dioxus/vendor/tongrams-rs. Skipping.
Checking submodule: source/github/meta-introspector/ragit/vendor/amazon-q-developer-cli/vendor/solfunmeme-dioxus/vendor/vaporetto
No flake.nix found in source/github/meta-introspector/ragit/vendor/amazon-q-developer-cli/vendor/solfunmeme-dioxus/vendor/vaporetto. Skipping.
Checking submodule: source/github/meta-introspector/ragit/vendor/amazon-q-developer-cli/vendor/solfunmeme-dioxus/vendor/vibrato
No flake.nix found in source/github/meta-introspector/ragit/vendor/amazon-q-developer-cli/vendor/solfunmeme-dioxus/vendor/vibrato. Skipping.
Checking submodule: source/github/meta-introspector/ragit/vendor/ask_gemini
No flake.nix found in source/github/meta-introspector/ragit/vendor/ask_gemini. Skipping.
Checking submodule: source/github/meta-introspector/ragit/vendor/askrepo
No flake.nix found in source/github/meta-introspector/ragit/vendor/askrepo. Skipping.
Checking submodule: source/github/meta-introspector/ragit/vendor/ast-grep
No flake.nix found in source/github/meta-introspector/ragit/vendor/ast-grep. Skipping.
Checking submodule: source/github/meta-introspector/ragit/vendor/coccinelleforrust
No flake.nix found in source/github/meta-introspector/ragit/vendor/coccinelleforrust. Skipping.
Checking submodule: source/github/meta-introspector/ragit/vendor/comby
No flake.nix found in source/github/meta-introspector/ragit/vendor/comby. Skipping.
Checking submodule: source/github/meta-introspector/ragit/vendor/comby-rust
No flake.nix found in source/github/meta-introspector/ragit/vendor/comby-rust. Skipping.
Checking submodule: source/github/meta-introspector/ragit/vendor/em-refactor
No flake.nix found in source/github/meta-introspector/ragit/vendor/em-refactor. Skipping.
Checking submodule: source/github/meta-introspector/ragit/vendor/extricrate
No flake.nix found in source/github/meta-introspector/ragit/vendor/extricrate. Skipping.
Checking submodule: source/github/meta-introspector/ragit/vendor/frustum
No flake.nix found in source/github/meta-introspector/ragit/vendor/frustum. Skipping.
Checking submodule: source/github/meta-introspector/ragit/vendor/google-ai-rs
No flake.nix found in source/github/meta-introspector/ragit/vendor/google-ai-rs. Skipping.
Checking submodule: source/github/meta-introspector/ragit/vendor/google-oauth
No flake.nix found in source/github/meta-introspector/ragit/vendor/google-oauth. Skipping.
Checking submodule: source/github/meta-introspector/ragit/vendor/llm
No flake.nix found in source/github/meta-introspector/ragit/vendor/llm. Skipping.
Checking submodule: source/github/meta-introspector/ragit/vendor/llmclient
No flake.nix found in source/github/meta-introspector/ragit/vendor/llmclient. Skipping.
Checking submodule: source/github/meta-introspector/ragit/vendor/meta-introspector/agave-solana-validator
No flake.nix found in source/github/meta-introspector/ragit/vendor/meta-introspector/agave-solana-validator. Skipping.
Checking submodule: source/github/meta-introspector/ragit/vendor/meta-introspector/ai-agent-terraform
No flake.nix found in source/github/meta-introspector/ragit/vendor/meta-introspector/ai-agent-terraform. Skipping.
Checking submodule: source/github/meta-introspector/ragit/vendor/meta-introspector/bootstrap
No flake.nix found in source/github/meta-introspector/ragit/vendor/meta-introspector/bootstrap. Skipping.
Checking submodule: source/github/meta-introspector/ragit/vendor/meta-introspector/hugging-face-dataset-validator-rust
No flake.nix found in source/github/meta-introspector/ragit/vendor/meta-introspector/hugging-face-dataset-validator-rust. Skipping.
Checking submodule: source/github/meta-introspector/ragit/vendor/meta-introspector/meta-meme
No flake.nix found in source/github/meta-introspector/ragit/vendor/meta-introspector/meta-meme. Skipping.
Checking submodule: source/github/meta-introspector/ragit/vendor/meta-introspector/quasi-meta-meme
No flake.nix found in source/github/meta-introspector/ragit/vendor/meta-introspector/quasi-meta-meme. Skipping.
Checking submodule: source/github/meta-introspector/ragit/vendor/meta-introspector/solfunmeme
No flake.nix found in source/github/meta-introspector/ragit/vendor/meta-introspector/solfunmeme. Skipping.
Checking submodule: source/github/meta-introspector/ragit/vendor/meta-introspector/solfunmeme-dioxus
No flake.nix found in source/github/meta-introspector/ragit/vendor/meta-introspector/solfunmeme-dioxus. Skipping.
Checking submodule: source/github/meta-introspector/ragit/vendor/mownstr
No flake.nix found in source/github/meta-introspector/ragit/vendor/mownstr. Skipping.
Checking submodule: source/github/meta-introspector/ragit/vendor/ploke
No flake.nix found in source/github/meta-introspector/ragit/vendor/ploke. Skipping.
Checking submodule: source/github/meta-introspector/ragit/vendor/refren
No flake.nix found in source/github/meta-introspector/ragit/vendor/refren. Skipping.
Checking submodule: source/github/meta-introspector/ragit/vendor/rem
No flake.nix found in source/github/meta-introspector/ragit/vendor/rem. Skipping.
Checking submodule: source/github/meta-introspector/ragit/vendor/rust-analyzer
No flake.nix found in source/github/meta-introspector/ragit/vendor/rust-analyzer. Skipping.
Checking submodule: source/github/meta-introspector/ragit/vendor/rust-clippy
No flake.nix found in source/github/meta-introspector/ragit/vendor/rust-clippy. Skipping.
Checking submodule: source/github/meta-introspector/ragit/vendor/rust-embed
No flake.nix found in source/github/meta-introspector/ragit/vendor/rust-embed. Skipping.
Checking submodule: source/github/meta-introspector/ragit/vendor/rust-refactor
No flake.nix found in source/github/meta-introspector/ragit/vendor/rust-refactor. Skipping.
Checking submodule: source/github/meta-introspector/ragit/vendor/scientisto
No flake.nix found in source/github/meta-introspector/ragit/vendor/scientisto. Skipping.
Checking submodule: source/github/meta-introspector/ragit/vendor/solfunmeme-metameme
No flake.nix found in source/github/meta-introspector/ragit/vendor/solfunmeme-metameme. Skipping.
Checking submodule: source/github/meta-introspector/ragit/vendor/sophia_rs
No flake.nix found in source/github/meta-introspector/ragit/vendor/sophia_rs. Skipping.
Checking submodule: source/github/meta-introspector/ragit/vendor/spacemod
No flake.nix found in source/github/meta-introspector/ragit/vendor/spacemod. Skipping.
Checking submodule: source/github/meta-introspector/ragit/vendor/tclifford
No flake.nix found in source/github/meta-introspector/ragit/vendor/tclifford. Skipping.
Checking submodule: source/github/meta-introspector/solfunmeme
Found flake.nix in source/github/meta-introspector/solfunmeme. Processing...
Found the following submodules to process: source/github/meta-introspector/solfunmeme
--- Processing solfunmeme at source/github/meta-introspector/solfunmeme ---
Branch feature/CRQ-016-nixify-workflow already exists. Checking it out.
Committing changes in /data/data/com.termux.nix/files/home/pick-up-nix2/source/github/meta-introspector/solfunmeme for CRQ-016
No changes to commit.
Commit successful for CRQ-016 in source/github/meta-introspector/solfunmeme.
Pushing changes...
--- Finished solfunmeme ---

All submodules have been committed and pushed.
Finished processing source/github/meta-introspector/solfunmeme
Checking submodule: source/github/meta-introspector/streamofrandom
No flake.nix found in source/github/meta-introspector/streamofrandom. Skipping.
Checking submodule: source/github/meta-introspector/streamofrandom/2025
No flake.nix found in source/github/meta-introspector/streamofrandom/2025. Skipping.
Checking submodule: source/github/meta-introspector/streamofrandom/vendor/elizaos-plugins/plugin-twitter
No flake.nix found in source/github/meta-introspector/streamofrandom/vendor/elizaos-plugins/plugin-twitter. Skipping.
Checking submodule: source/github/meta-introspector/streamofrandom/vendor/livestream-tiktok-plugin
No flake.nix found in source/github/meta-introspector/streamofrandom/vendor/livestream-tiktok-plugin. Skipping.
Checking submodule: source/github/meta-introspector/streamofrandom/vendor/twitter-plugin
No flake.nix found in source/github/meta-introspector/streamofrandom/vendor/twitter-plugin. Skipping.
Checking submodule: source/github/meta-introspector/time
Found flake.nix in source/github/meta-introspector/time. Processing...
Found the following submodules to process: source/github/meta-introspector/time
--- Processing time at source/github/meta-introspector/time ---
Branch feature/CRQ-016-nixify-workflow already exists. Checking it out.
Committing changes in /data/data/com.termux.nix/files/home/pick-up-nix2/source/github/meta-introspector/time for CRQ-016
No changes to commit.
Commit successful for CRQ-016 in source/github/meta-introspector/time.
Pushing changes...
--- Finished time ---

All submodules have been committed and pushed.
Finished processing source/github/meta-introspector/time
Checking submodule: vendor/ebpf/aya
No flake.nix found in vendor/ebpf/aya. Skipping.
Checking submodule: vendor/ebpf/bpfjit
No flake.nix found in vendor/ebpf/bpfjit. Skipping.
Checking submodule: vendor/ebpf/bpfman
No flake.nix found in vendor/ebpf/bpfman. Skipping.
Checking submodule: vendor/ebpf/clean-dns-bpf
No flake.nix found in vendor/ebpf/clean-dns-bpf. Skipping.
Checking submodule: vendor/ebpf/eadb
No flake.nix found in vendor/ebpf/eadb. Skipping.
Checking submodule: vendor/ebpf/ebpfguard
No flake.nix found in vendor/ebpf/ebpfguard. Skipping.
Checking submodule: vendor/ebpf/libbpf-rs
No flake.nix found in vendor/ebpf/libbpf-rs. Skipping.
Checking submodule: vendor/ebpf/rbpf
No flake.nix found in vendor/ebpf/rbpf. Skipping.
Checking submodule: vendor/external/amazon-q-developer-cli
No flake.nix found in vendor/external/amazon-q-developer-cli. Skipping.
Checking submodule: vendor/external/asciinema
Found flake.nix in vendor/external/asciinema. Processing...
Found the following submodules to process: vendor/external/asciinema
--- Processing asciinema at vendor/external/asciinema ---
Branch feature/CRQ-016-nixify-workflow already exists. Checking it out.
Committing changes in /data/data/com.termux.nix/files/home/pick-up-nix2/vendor/external/asciinema for CRQ-016
No changes to commit.
Commit successful for CRQ-016 in vendor/external/asciinema.
Pushing changes...
--- Finished asciinema ---

All submodules have been committed and pushed.
Finished processing vendor/external/asciinema
Checking submodule: vendor/external/asciinema-scenario
Found flake.nix in vendor/external/asciinema-scenario. Processing...
Found the following submodules to process: vendor/external/asciinema-scenario
--- Processing asciinema-scenario at vendor/external/asciinema-scenario ---
Branch feature/CRQ-016-nixify-workflow already exists. Checking it out.
Committing changes in /data/data/com.termux.nix/files/home/pick-up-nix2/vendor/external/asciinema-scenario for CRQ-016
No changes to commit.
Commit successful for CRQ-016 in vendor/external/asciinema-scenario.
Pushing changes...
--- Finished asciinema-scenario ---

All submodules have been committed and pushed.
Finished processing vendor/external/asciinema-scenario
Checking submodule: vendor/external/bitchat-solana-zos-solfunmeme
No flake.nix found in vendor/external/bitchat-solana-zos-solfunmeme. Skipping.
Checking submodule: vendor/external/bootstrap
No flake.nix found in vendor/external/bootstrap. Skipping.
Checking submodule: vendor/external/bootstrap-meme
No flake.nix found in vendor/external/bootstrap-meme. Skipping.
Checking submodule: vendor/external/coccinelleforrust_personal_mirror
No flake.nix found in vendor/external/coccinelleforrust_personal_mirror. Skipping.
Checking submodule: vendor/external/emojis-rs
No flake.nix found in vendor/external/emojis-rs. Skipping.
Checking submodule: vendor/external/forgejo-python
No flake.nix found in vendor/external/forgejo-python. Skipping.
Checking submodule: vendor/external/gemini-cli
No flake.nix found in vendor/external/gemini-cli. Skipping.
Checking submodule: vendor/external/github-issues-export-rs
No flake.nix found in vendor/external/github-issues-export-rs. Skipping.
Checking submodule: vendor/external/grok-cli
No flake.nix found in vendor/external/grok-cli. Skipping.
Checking submodule: vendor/external/hugging-face-dataset-validator-rust
No flake.nix found in vendor/external/hugging-face-dataset-validator-rust. Skipping.
Checking submodule: vendor/external/introspector-llc
No flake.nix found in vendor/external/introspector-llc. Skipping.
Checking submodule: vendor/external/meta-meme
No flake.nix found in vendor/external/meta-meme. Skipping.
Checking submodule: vendor/external/minizinc-introspector
No flake.nix found in vendor/external/minizinc-introspector. Skipping.
Checking submodule: vendor/external/monomcp-rust
No flake.nix found in vendor/external/monomcp-rust. Skipping.
Checking submodule: vendor/external/n00b
No flake.nix found in vendor/external/n00b. Skipping.
Checking submodule: vendor/external/nix-asciinema-agg
Found flake.nix in vendor/external/nix-asciinema-agg. Processing...
Found the following submodules to process: vendor/external/nix-asciinema-agg
--- Processing nix-asciinema-agg at vendor/external/nix-asciinema-agg ---
Branch feature/CRQ-016-nixify-workflow already exists. Checking it out.
Committing changes in /data/data/com.termux.nix/files/home/pick-up-nix2/vendor/external/nix-asciinema-agg for CRQ-016
No changes to commit.
Commit successful for CRQ-016 in vendor/external/nix-asciinema-agg.
Pushing changes...
--- Finished nix-asciinema-agg ---

All submodules have been committed and pushed.
Finished processing vendor/external/nix-asciinema-agg
Checking submodule: vendor/external/ragit
No flake.nix found in vendor/external/ragit. Skipping.
Checking submodule: vendor/external/rust
No flake.nix found in vendor/external/rust. Skipping.
Checking submodule: vendor/external/solfunmeme-banner
No flake.nix found in vendor/external/solfunmeme-banner. Skipping.
Checking submodule: vendor/external/solfunmeme-dioxus
No flake.nix found in vendor/external/solfunmeme-dioxus. Skipping.
Checking submodule: vendor/external/solfunmeme-metameme
No flake.nix found in vendor/external/solfunmeme-metameme. Skipping.
Checking submodule: vendor/external/solfunmeme-model-builder-quiz
No flake.nix found in vendor/external/solfunmeme-model-builder-quiz. Skipping.
Checking submodule: vendor/external/sophia_rs
No flake.nix found in vendor/external/sophia_rs. Skipping.
Checking submodule: vendor/external/tclifford
No flake.nix found in vendor/external/tclifford. Skipping.
Checking submodule: vendor/external/tmux
No flake.nix found in vendor/external/tmux. Skipping.
Checking submodule: vendor/external/tmux-interface-rs
No flake.nix found in vendor/external/tmux-interface-rs. Skipping.
Checking submodule: vendor/external/trident
No flake.nix found in vendor/external/trident. Skipping.
Checking submodule: vendor/external/turbomcp
No flake.nix found in vendor/external/turbomcp. Skipping.
Checking submodule: vendor/guix/guix
No flake.nix found in vendor/guix/guix. Skipping.
Checking submodule: vendor/guix/mes
No flake.nix found in vendor/guix/mes. Skipping.
Checking submodule: vendor/hooks/rusty-hook
No flake.nix found in vendor/hooks/rusty-hook. Skipping.
Checking submodule: vendor/hooks/shebling
No flake.nix found in vendor/hooks/shebling. Skipping.
Checking submodule: vendor/hooks/shellcheck-precommit
No flake.nix found in vendor/hooks/shellcheck-precommit. Skipping.
Checking submodule: vendor/lang-c
No flake.nix found in vendor/lang-c. Skipping.
Checking submodule: vendor/lint/cachix-git-hooks.nix
Found flake.nix in vendor/lint/cachix-git-hooks.nix. Processing...
Found the following submodules to process: vendor/lint/cachix-git-hooks.nix
--- Processing cachix-git-hooks.nix at vendor/lint/cachix-git-hooks.nix ---
Branch feature/CRQ-016-nixify-workflow already exists. Checking it out.
Committing changes in /data/data/com.termux.nix/files/home/pick-up-nix2/vendor/lint/cachix-git-hooks.nix for CRQ-016
No changes to commit.
Commit successful for CRQ-016 in vendor/lint/cachix-git-hooks.nix.
Pushing changes...
Creating fork...
Finished processing vendor/lint/cachix-git-hooks.nix
Checking submodule: vendor/lint/git-hooks.nix
Found flake.nix in vendor/lint/git-hooks.nix. Processing...
Found the following submodules to process: vendor/lint/git-hooks.nix
--- Processing git-hooks.nix at vendor/lint/git-hooks.nix ---
Branch feature/CRQ-016-nixify-workflow already exists. Checking it out.
Committing changes in /data/data/com.termux.nix/files/home/pick-up-nix2/vendor/lint/git-hooks.nix for CRQ-016
No changes to commit.
Commit successful for CRQ-016 in vendor/lint/git-hooks.nix.
Pushing changes...
--- Finished git-hooks.nix ---

All submodules have been committed and pushed.
Finished processing vendor/lint/git-hooks.nix
Checking submodule: vendor/lint/shellcheck
No flake.nix found in vendor/lint/shellcheck. Skipping.
Checking submodule: vendor/mkAIDerivation
Found flake.nix in vendor/mkAIDerivation. Processing...
Found the following submodules to process: vendor/mkAIDerivation
--- Processing mkAIDerivation at vendor/mkAIDerivation ---
Branch feature/CRQ-016-nixify-workflow already exists. Checking it out.
Committing changes in /data/data/com.termux.nix/files/home/pick-up-nix2/vendor/mkAIDerivation for CRQ-016
No changes to commit.
Commit successful for CRQ-016 in vendor/mkAIDerivation.
Pushing changes...
--- Finished mkAIDerivation ---

All submodules have been committed and pushed.
Finished processing vendor/mkAIDerivation
Checking submodule: vendor/nix-on-droid
Found flake.nix in vendor/nix-on-droid. Processing...
Found the following submodules to process: vendor/nix-on-droid
--- Processing nix-on-droid at vendor/nix-on-droid ---
Branch feature/CRQ-016-nixify-workflow already exists. Checking it out.
Committing changes in /data/data/com.termux.nix/files/home/pick-up-nix2/vendor/nix-on-droid for CRQ-016
No changes to commit.
Commit successful for CRQ-016 in vendor/nix-on-droid.
Pushing changes...
--- Finished nix-on-droid ---

All submodules have been committed and pushed.
Finished processing vendor/nix-on-droid
Checking submodule: vendor/nix/flake-utils
Found flake.nix in vendor/nix/flake-utils. Processing...
Found the following submodules to process: vendor/nix/flake-utils
--- Processing flake-utils at vendor/nix/flake-utils ---
Branch feature/CRQ-016-nixify-workflow already exists. Checking it out.
Committing changes in /data/data/com.termux.nix/files/home/pick-up-nix2/vendor/nix/flake-utils for CRQ-016
No changes to commit.
Commit successful for CRQ-016 in vendor/nix/flake-utils.
Pushing changes...
--- Finished flake-utils ---

All submodules have been committed and pushed.
Finished processing vendor/nix/flake-utils
Checking submodule: vendor/nix/nil
Found flake.nix in vendor/nix/nil. Processing...
Found the following submodules to process: vendor/nix/nil
--- Processing nil at vendor/nix/nil ---
Branch feature/CRQ-016-nixify-workflow already exists. Checking it out.
Committing changes in /data/data/com.termux.nix/files/home/pick-up-nix2/vendor/nix/nil for CRQ-016
No changes to commit.
Commit successful for CRQ-016 in vendor/nix/nil.
Pushing changes...
--- Finished nil ---

All submodules have been committed and pushed.
Finished processing vendor/nix/nil
Checking submodule: vendor/nix/nix
Found flake.nix in vendor/nix/nix. Processing...
Found the following submodules to process: vendor/nix/nix
--- Processing nix at vendor/nix/nix ---
Branch feature/CRQ-016-nixify-workflow already exists. Checking it out.
Committing changes in /data/data/com.termux.nix/files/home/pick-up-nix2/vendor/nix/nix for CRQ-016
No changes to commit.
Commit successful for CRQ-016 in vendor/nix/nix.
Pushing changes...
--- Finished nix ---

All submodules have been committed and pushed.
Finished processing vendor/nix/nix
Checking submodule: vendor/nix/nix-config-merger
No flake.nix found in vendor/nix/nix-config-merger. Skipping.
Checking submodule: vendor/nix/nix-direnv
Found flake.nix in vendor/nix/nix-direnv. Processing...
Found the following submodules to process: vendor/nix/nix-direnv
--- Processing nix-direnv at vendor/nix/nix-direnv ---
Branch feature/CRQ-016-nixify-workflow already exists. Checking it out.
Committing changes in /data/data/com.termux.nix/files/home/pick-up-nix2/vendor/nix/nix-direnv for CRQ-016
No changes to commit.
Commit successful for CRQ-016 in vendor/nix/nix-direnv.
Pushing changes...
--- Finished nix-direnv ---

All submodules have been committed and pushed.
Finished processing vendor/nix/nix-direnv
Checking submodule: vendor/nix/nix-files-comparator
No flake.nix found in vendor/nix/nix-files-comparator. Skipping.
Checking submodule: vendor/nix/nixpacks
Found flake.nix in vendor/nix/nixpacks. Processing...
Found the following submodules to process: vendor/nix/nixpacks
--- Processing nixpacks at vendor/nix/nixpacks ---
Branch feature/CRQ-016-nixify-workflow already exists. Checking it out.
Your branch is up to date with 'origin/feature/CRQ-016-nixify-workflow'.
Committing changes in /data/data/com.termux.nix/files/home/pick-up-nix2/vendor/nix/nixpacks for CRQ-016
No changes to commit.
Commit successful for CRQ-016 in vendor/nix/nixpacks.
Pushing changes...
--- Finished nixpacks ---

All submodules have been committed and pushed.
Finished processing vendor/nix/nixpacks
Checking submodule: vendor/nix/nixpkgs-lint
Found flake.nix in vendor/nix/nixpkgs-lint. Processing...
Found the following submodules to process: vendor/nix/nixpkgs-lint
--- Processing nixpkgs-lint at vendor/nix/nixpkgs-lint ---
Branch feature/CRQ-016-nixify-workflow already exists. Checking it out.
Committing changes in /data/data/com.termux.nix/files/home/pick-up-nix2/vendor/nix/nixpkgs-lint for CRQ-016
No changes to commit.
Commit successful for CRQ-016 in vendor/nix/nixpkgs-lint.
Pushing changes...
--- Finished nixpkgs-lint ---

All submodules have been committed and pushed.
Finished processing vendor/nix/nixpkgs-lint
Checking submodule: vendor/nix/nixtract
Found flake.nix in vendor/nix/nixtract. Processing...
Found the following submodules to process: vendor/nix/nixtract
--- Processing nixtract at vendor/nix/nixtract ---
Branch feature/CRQ-016-nixify-workflow already exists. Checking it out.
Committing changes in /data/data/com.termux.nix/files/home/pick-up-nix2/vendor/nix/nixtract for CRQ-016
No changes to commit.
Commit successful for CRQ-016 in vendor/nix/nixtract.
Pushing changes...
--- Finished nixtract ---

All submodules have been committed and pushed.
Finished processing vendor/nix/nixtract
Checking submodule: vendor/nix/renix
Found flake.nix in vendor/nix/renix. Processing...
Found the following submodules to process: vendor/nix/renix
--- Processing renix at vendor/nix/renix ---
Branch feature/CRQ-016-nixify-workflow already exists. Checking it out.
Committing changes in /data/data/com.termux.nix/files/home/pick-up-nix2/vendor/nix/renix for CRQ-016
No changes to commit.
Commit successful for CRQ-016 in vendor/nix/renix.
Pushing changes...
--- Finished renix ---

All submodules have been committed and pushed.
Finished processing vendor/nix/renix
Checking submodule: vendor/nix/rnix-parser-tester
Found flake.nix in vendor/nix/rnix-parser-tester. Processing...
Found the following submodules to process: vendor/nix/rnix-parser-tester
--- Processing rnix-parser-tester at vendor/nix/rnix-parser-tester ---
Branch feature/CRQ-016-nixify-workflow already exists. Checking it out.
Committing changes in /data/data/com.termux.nix/files/home/pick-up-nix2/vendor/nix/rnix-parser-tester for CRQ-016
No changes to commit.
Commit successful for CRQ-016 in vendor/nix/rnix-parser-tester.
Pushing changes...
--- Finished rnix-parser-tester ---

All submodules have been committed and pushed.
Finished processing vendor/nix/rnix-parser-tester
Checking submodule: vendor/nix/tvix
No flake.nix found in vendor/nix/tvix. Skipping.
Checking submodule: vendor/nixpkgs
Found flake.nix in vendor/nixpkgs. Processing...
Found the following submodules to process: vendor/nixpkgs
--- Processing nixpkgs at vendor/nixpkgs ---
Branch feature/CRQ-016-nixify-workflow already exists. Checking it out.
Committing changes in /data/data/com.termux.nix/files/home/pick-up-nix2/vendor/nixpkgs for CRQ-016
No changes to commit.
Commit successful for CRQ-016 in vendor/nixpkgs.
Pushing changes...
--- Finished nixpkgs ---

All submodules have been committed and pushed.
Finished processing vendor/nixpkgs
Checking submodule: vendor/plantuml-stdlib/C4-PlantUML
No flake.nix found in vendor/plantuml-stdlib/C4-PlantUML. Skipping.
Checking submodule: vendor/rnix-parser
Found flake.nix in vendor/rnix-parser. Processing...
Found the following submodules to process: vendor/rnix-parser
--- Processing rnix-parser at vendor/rnix-parser ---
Branch feature/CRQ-016-nixify-workflow already exists. Checking it out.
Committing changes in /data/data/com.termux.nix/files/home/pick-up-nix2/vendor/rnix-parser for CRQ-016
No changes to commit.
Commit successful for CRQ-016 in vendor/rnix-parser.
Pushing changes...
--- Finished rnix-parser ---

All submodules have been committed and pushed.
Finished processing vendor/rnix-parser
Checking submodule: vendor/rust-index-guix
No flake.nix found in vendor/rust-index-guix. Skipping.
Checking submodule: vendor/steel
Found flake.nix in vendor/steel. Processing...
Found the following submodules to process: vendor/steel
--- Processing steel at vendor/steel ---
Branch feature/CRQ-016-nixify-workflow already exists. Checking it out.
Committing changes in /data/data/com.termux.nix/files/home/pick-up-nix2/vendor/steel for CRQ-016
No changes to commit.
Commit successful for CRQ-016 in vendor/steel.
Pushing changes...
--- Finished steel ---

All submodules have been committed and pushed.
Finished processing vendor/steel
Checking submodule: vendor/strace/dutchcoders-trace
No flake.nix found in vendor/strace/dutchcoders-trace. Skipping.
Checking submodule: vendor/strace/intentrace
No flake.nix found in vendor/strace/intentrace. Skipping.
Checking submodule: vendor/strace/lurk
No flake.nix found in vendor/strace/lurk. Skipping.
Checking submodule: vendor/strace/rstrace
No flake.nix found in vendor/strace/rstrace. Skipping.
Checking submodule: vendor/tools/detect-duplicates
Found flake.nix in vendor/tools/detect-duplicates. Processing...
Found the following submodules to process: vendor/tools/detect-duplicates
--- Processing detect-duplicates at vendor/tools/detect-duplicates ---
Branch feature/CRQ-016-nixify-workflow already exists. Checking it out.
Committing changes in /data/data/com.termux.nix/files/home/pick-up-nix2/vendor/tools/detect-duplicates for CRQ-016
No changes to commit.
Commit successful for CRQ-016 in vendor/tools/detect-duplicates.
Pushing changes...
--- Finished detect-duplicates ---

All submodules have been committed and pushed.
Finished processing vendor/tools/detect-duplicates
Finished submodule flake processing at Sun Sep 21 04:34:15 AM UTC 2025
